,n0,p0,n1,p1,n2,p2,n3,p3,n4,p4,n5,p5,n6,p6,n7,p7,n8,p8,n9,p9,n10,p10,n11,p11,n12,p12,n13,p13,n14,p14,n15,p15,n16,p16,n17,p17,n18,p18,n19,p19,n20,p20,n21,p21,n22,p22,n23,p23,n24,p24,n25,p25,n26,p26,n27,p27,n28,p28,n29,p29,n30,p30,n31,p31,n32,p32,n33,p33,n34,p34,n35,p35,n36,p36,n37,p37,n38,p38,n39,p39,n40,p40,n41,p41,n42,p42,n43,p43,n44,p44,n45,p45,n46,p46,n47,p47,n48,p48,n49,p49,n50,p50,n51,p51,n52,p52,n53,p53,n54,p54,n55,p55,n56,p56,n57,p57,n58,p58,n59,p59,n60,p60,n61,p61,n62,p62,n63,p63,n64,p64,n65,p65,n66,p66,n67,p67,n68,p68,n69,p69,n70,p70,n71,p71,n72,p72,n73,p73,n74,p74,n75,p75,n76,p76,n77,p77,n78,p78,n79,p79,n80,p80,n81,p81,n82,p82,n83,p83,n84,p84,n85,p85,n86,p86,n87,p87,n88,p88,n89,p89,n90,p90,n91,p91,n92,p92,n93,p93,n94,p94,n95,p95,n96,p96,n97,p97,n98,p98,n99,p99,n100,p100,n101,p101,n102,p102,n103,p103,n104,p104,n105,p105,n106,p106,n107,p107,n108,p108,n109,p109,n110,p110,n111,p111,n112,p112,n113,p113,n114,p114,n115,p115,n116,p116,n117,p117,n118,p118,n119,p119,n120,p120,n121,p121,n122,p122,n123,p123,n124,p124,n125,p125
0,-432,5,-432,3,-430,2,-428,3,-435,2,-373,59,-427,6,-431,2,-422,8,-435,5,-431,2,-434,2,-441,3,-429,4,-430,6,-424,7,-430,7,-435,2,-427,3,-425,8,-425,4,-431,8,-428,4,-432,3,-436,2,-431,5,-421,14,-423,4,-438,3,-428,7,-430,3,-428,4,-429,7,-430,2,-432,3,-431,3,-433,2,-427,7,-430,5,-417,13,-418,17,-434,2,-402,34,-392,42,-426,8,-426,8,-431,7,-438,2,-431,2,-425,13,-430,3,-433,4,-431,3,-433,4,-431,5,-430,2,-430,2,-418,16,-428,4,-428,4,-431,3,-435,3,-431,6,-430,2,-438,2,-425,9,-397,38,-426,4,-435,3,-431,7,-436,3,-427,2,-431,7,-427,6,-435,4,-428,9,-429,2,-326,109,-429,3,-432,2,-433,5,-422,13,-425,9,-424,6,-428,6,-420,13,-426,5,-429,4,-430,7,-427,8,-420,11,-427,6,-432,6,-439,3,-413,22,-432,4,-437,3,-431,5,-404,34,-433,4,-432,2,-439,2,-437,2,-436,3,-423,11,-439,2,-401,31,-430,3,-418,13,-422,9,-402,34,-431,2,-436,2,-426,4,-417,14,-430,4,-398,42,-431,6,-444,2,-415,16,-431,7,-432,3,-427,3,-436,2,-435,3,-429,12
1,-440,5,-443,3,-435,2,-441,3,-447,2,-382,59,-442,6,-443,2,-432,8,-444,5,-442,2,-442,2,-451,4,-438,4,-446,6,-431,7,-441,7,-445,2,-435,3,-433,8,-432,4,-440,8,-438,4,-441,3,-447,2,-438,5,-433,15,-435,4,-445,3,-439,7,-447,3,-436,4,-442,7,-445,2,-444,3,-447,3,-447,2,-440,7,-441,5,-427,13,-429,18,-446,2,-406,34,-403,43,-437,8,-432,8,-439,7,-448,2,-441,2,-435,13,-435,3,-445,4,-445,3,-442,4,-445,5,-444,2,-438,2,-428,16,-435,4,-440,4,-444,3,-442,3,-440,6,-436,2,-449,2,-431,9,-401,38,-436,4,-445,3,-442,7,-443,3,-432,2,-443,7,-435,6,-446,4,-436,9,-438,3,-332,110,-437,3,-445,2,-448,5,-430,15,-434,10,-432,6,-443,6,-430,13,-437,5,-441,4,-433,7,-437,8,-429,12,-436,6,-442,6,-447,4,-424,22,-439,4,-449,3,-440,6,-412,34,-445,4,-442,2,-449,2,-450,2,-448,3,-428,11,-446,2,-415,32,-443,3,-431,13,-436,9,-413,36,-439,2,-446,2,-436,4,-426,14,-437,4,-405,42,-439,6,-450,2,-426,16,-439,7,-443,3,-432,3,-447,2,-449,3,-433,12
2,-447,6,-451,3,-449,2,-454,3,-453,2,-392,61,-447,6,-453,2,-445,8,-451,5,-454,2,-452,2,-460,4,-444,4,-462,6,-440,7,-455,7,-452,2,-447,3,-441,8,-439,4,-449,8,-447,4,-448,3,-452,2,-447,5,-444,15,-446,4,-456,3,-448,7,-454,3,-445,4,-447,7,-460,2,-455,3,-457,3,-459,2,-450,7,-448,5,-436,14,-439,18,-453,2,-419,34,-413,43,-452,9,-439,8,-451,7,-459,2,-451,2,-446,13,-444,3,-455,4,-453,3,-455,4,-454,5,-451,2,-448,2,-434,17,-445,4,-455,4,-456,3,-451,3,-452,6,-444,3,-460,3,-441,10,-407,41,-448,5,-456,3,-452,7,-457,3,-443,2,-456,7,-447,6,-456,4,-443,9,-447,3,-342,112,-446,3,-456,2,-458,5,-437,15,-447,10,-441,6,-452,6,-439,14,-443,5,-449,4,-444,7,-445,8,-442,12,-446,7,-458,6,-454,4,-431,22,-447,4,-455,3,-450,6,-417,34,-457,4,-455,2,-455,2,-455,2,-460,3,-436,11,-455,2,-421,32,-450,3,-449,13,-447,9,-422,36,-449,2,-461,2,-445,4,-435,15,-443,6,-411,43,-456,6,-459,2,-434,16,-454,8,-456,3,-447,3,-458,2,-455,3,-445,12
3,-457,6,-457,3,-463,2,-463,3,-460,2,-404,61,-455,6,-459,2,-454,8,-468,5,-461,2,-463,2,-473,4,-457,4,-469,6,-450,7,-461,7,-459,2,-451,3,-450,8,-451,4,-459,8,-457,4,-461,3,-461,2,-450,5,-458,16,-460,4,-466,3,-460,8,-462,3,-455,4,-461,7,-471,2,-463,3,-472,3,-470,2,-460,7,-454,5,-449,14,-448,18,-462,2,-428,34,-420,45,-460,9,-452,8,-456,7,-464,2,-457,2,-451,13,-452,3,-464,4,-461,3,-465,4,-472,5,-461,2,-457,2,-445,18,-453,4,-460,4,-465,3,-459,3,-465,6,-460,3,-474,3,-451,10,-417,43,-456,5,-470,3,-461,7,-469,3,-450,2,-464,7,-458,6,-466,4,-449,9,-453,3,-347,115,-453,3,-471,2,-468,5,-445,15,-463,10,-449,6,-458,6,-451,14,-456,5,-456,4,-453,7,-452,8,-450,12,-455,7,-467,6,-467,4,-441,22,-463,4,-464,3,-457,7,-424,34,-466,4,-462,2,-460,2,-465,2,-464,3,-450,11,-470,2,-429,34,-464,3,-458,13,-459,9,-436,37,-463,2,-476,2,-457,5,-445,16,-457,6,-418,43,-470,6,-463,2,-448,16,-464,9,-465,3,-458,3,-473,2,-468,3,-453,12
4,-474,6,-463,3,-471,2,-471,3,-469,2,-412,61,-467,6,-464,2,-461,8,-477,5,-470,2,-474,2,-488,4,-464,4,-476,6,-463,7,-471,7,-468,2,-461,3,-459,8,-457,4,-467,8,-471,4,-469,3,-474,2,-455,5,-469,16,-470,4,-480,3,-467,8,-473,3,-464,4,-468,7,-478,2,-472,3,-485,3,-479,2,-469,7,-464,5,-456,14,-456,18,-471,2,-434,34,-431,47,-471,9,-461,8,-466,7,-471,2,-467,2,-461,13,-459,3,-474,5,-476,3,-475,4,-488,5,-468,2,-474,2,-452,18,-464,4,-468,4,-477,3,-472,3,-480,6,-471,3,-485,3,-457,10,-427,45,-467,5,-482,3,-476,7,-483,3,-458,2,-480,7,-465,6,-476,4,-455,9,-467,3,-354,116,-462,3,-482,2,-480,5,-456,15,-468,10,-458,6,-464,6,-466,14,-463,5,-471,4,-463,7,-460,8,-458,12,-471,7,-478,7,-477,4,-449,23,-470,4,-473,3,-464,8,-435,34,-476,4,-471,2,-465,2,-479,2,-469,3,-456,11,-480,2,-436,35,-473,3,-464,13,-466,9,-447,37,-476,2,-487,2,-469,6,-455,17,-475,6,-428,43,-482,6,-472,2,-461,17,-478,9,-471,3,-470,3,-485,2,-476,3,-463,12
5,-480,6,-469,3,-481,2,-482,3,-482,2,-421,61,-480,6,-476,2,-472,8,-488,5,-480,2,-480,2,-494,5,-477,4,-487,6,-473,7,-482,7,-479,2,-469,3,-462,8,-467,4,-486,8,-481,4,-474,3,-484,2,-473,5,-484,16,-481,4,-489,3,-473,8,-484,3,-472,4,-478,8,-485,2,-481,3,-492,3,-487,2,-477,7,-474,5,-470,15,-464,18,-483,2,-445,34,-435,48,-478,9,-469,8,-474,7,-485,2,-482,2,-471,13,-469,3,-480,5,-488,3,-486,4,-492,5,-476,2,-485,2,-460,18,-475,4,-479,4,-486,3,-484,3,-497,6,-480,3,-490,3,-466,10,-439,45,-488,5,-494,3,-488,7,-492,3,-470,2,-492,7,-472,6,-489,4,-469,9,-476,3,-357,119,-479,3,-490,2,-487,5,-467,15,-475,10,-467,6,-471,6,-472,14,-470,5,-480,4,-476,7,-474,8,-466,12,-480,7,-487,7,-485,4,-462,24,-483,4,-481,4,-476,8,-447,34,-487,4,-481,2,-478,2,-486,2,-482,3,-467,11,-488,2,-449,37,-482,3,-472,13,-472,9,-454,37,-485,2,-497,2,-476,6,-462,17,-481,6,-435,43,-492,7,-482,2,-470,18,-494,9,-481,3,-479,3,-498,2,-487,3,-471,12
6,-487,6,-474,3,-493,2,-490,3,-492,2,-430,62,-490,6,-483,2,-489,8,-495,5,-490,2,-486,2,-506,5,-486,4,-498,6,-481,7,-497,8,-491,2,-478,3,-471,8,-473,4,-493,8,-493,4,-485,3,-491,2,-477,5,-496,16,-492,4,-496,3,-485,9,-495,3,-485,4,-490,8,-497,2,-492,3,-501,3,-503,2,-488,7,-490,5,-474,15,-474,18,-488,2,-452,34,-450,48,-487,9,-477,8,-485,7,-493,2,-494,2,-483,13,-479,3,-491,5,-500,3,-496,4,-499,5,-486,2,-493,2,-467,19,-489,4,-484,4,-496,3,-490,3,-512,6,-492,3,-496,3,-476,10,-449,47,-501,5,-504,3,-496,7,-503,3,-475,2,-504,7,-476,6,-497,4,-480,9,-488,3,-363,120,-492,3,-501,2,-497,5,-475,15,-481,10,-473,6,-481,6,-487,14,-481,5,-491,4,-486,7,-483,8,-477,14,-496,7,-491,7,-492,4,-471,24,-493,4,-493,4,-486,8,-462,34,-493,4,-494,2,-487,2,-496,2,-491,3,-473,11,-499,2,-455,39,-494,3,-480,13,-483,9,-466,38,-495,2,-503,2,-489,6,-474,18,-491,6,-443,45,-502,7,-493,2,-488,19,-504,9,-494,3,-486,3,-511,2,-502,3,-475,12
7,-495,6,-486,3,-506,2,-499,3,-498,2,-441,63,-498,6,-490,2,-503,8,-503,5,-500,2,-495,2,-516,5,-496,4,-509,6,-493,7,-508,8,-499,2,-487,3,-477,8,-482,4,-504,8,-504,4,-492,3,-497,2,-487,5,-510,17,-498,4,-517,3,-490,9,-501,3,-496,4,-498,9,-511,2,-505,3,-507,3,-513,2,-499,7,-507,5,-481,16,-484,18,-500,2,-459,34,-457,49,-498,9,-483,8,-497,7,-497,2,-511,2,-492,13,-486,4,-497,5,-516,3,-509,4,-511,5,-496,2,-503,2,-474,20,-498,4,-494,4,-508,3,-500,3,-528,6,-503,3,-507,3,-487,10,-459,48,-507,5,-508,3,-506,7,-513,3,-484,2,-509,8,-491,6,-507,4,-490,9,-502,3,-373,122,-499,3,-513,2,-508,6,-487,15,-489,10,-481,6,-491,6,-497,14,-496,6,-503,4,-493,7,-496,8,-484,14,-509,7,-497,8,-503,4,-482,25,-500,4,-502,4,-492,8,-473,34,-500,4,-501,2,-496,2,-502,2,-504,3,-481,11,-515,2,-462,41,-500,3,-489,13,-494,9,-478,39,-505,2,-512,2,-495,7,-484,18,-500,6,-455,46,-513,7,-500,2,-497,20,-513,9,-506,3,-497,3,-518,2,-514,5,-487,12
8,-507,6,-491,4,-517,2,-508,3,-511,2,-449,64,-512,6,-503,2,-512,10,-513,5,-508,2,-502,2,-522,5,-506,4,-516,6,-505,7,-522,8,-509,2,-502,3,-485,8,-490,4,-516,8,-517,5,-503,3,-512,2,-495,5,-519,18,-511,4,-524,3,-496,9,-510,3,-511,4,-508,9,-520,2,-516,3,-513,3,-517,2,-506,7,-516,6,-487,16,-494,18,-507,2,-468,34,-470,50,-509,10,-493,8,-503,7,-509,2,-516,2,-504,13,-496,4,-505,6,-524,3,-518,5,-520,5,-502,2,-513,2,-484,20,-508,4,-504,5,-518,3,-507,3,-536,6,-514,3,-517,3,-500,10,-467,49,-519,5,-521,3,-514,7,-521,3,-494,2,-518,8,-498,6,-515,4,-495,9,-514,3,-377,124,-511,3,-519,2,-518,7,-497,15,-500,10,-493,6,-504,6,-508,14,-509,6,-514,4,-502,8,-508,8,-493,14,-515,7,-511,8,-509,4,-491,25,-510,4,-513,4,-499,9,-482,37,-508,4,-510,2,-505,2,-522,2,-517,4,-486,13,-522,2,-472,41,-506,3,-501,13,-502,9,-493,41,-520,2,-522,2,-509,7,-494,18,-503,6,-463,47,-521,8,-518,2,-507,20,-525,10,-515,3,-508,3,-526,2,-522,5,-504,12
9,-520,6,-503,4,-527,3,-516,3,-521,2,-460,65,-521,6,-520,2,-527,10,-523,5,-518,2,-516,3,-537,5,-519,4,-524,6,-514,7,-529,8,-516,2,-514,3,-493,8,-501,4,-524,8,-524,5,-512,3,-520,2,-503,5,-528,18,-521,4,-532,3,-499,9,-519,3,-518,4,-516,9,-524,2,-527,3,-521,3,-527,2,-518,8,-527,6,-498,16,-501,18,-516,2,-480,35,-478,51,-518,10,-501,8,-517,9,-520,2,-527,2,-508,13,-507,4,-518,6,-533,3,-528,5,-527,5,-512,2,-523,2,-496,20,-513,4,-513,5,-524,3,-520,3,-547,6,-518,3,-529,3,-511,10,-476,49,-526,5,-531,3,-523,8,-536,3,-508,2,-524,8,-503,6,-528,4,-504,9,-530,3,-384,128,-524,3,-528,2,-531,7,-503,15,-510,10,-501,6,-515,7,-515,14,-515,6,-525,4,-508,9,-517,8,-508,14,-520,7,-518,8,-523,4,-509,25,-520,5,-521,4,-509,9,-492,38,-516,4,-518,2,-513,3,-533,2,-528,4,-499,14,-534,2,-483,41,-515,3,-508,14,-508,9,-506,41,-535,2,-527,2,-518,7,-504,20,-518,6,-470,48,-527,8,-531,2,-520,21,-532,11,-529,3,-524,3,-532,2,-532,5,-514,12
10,-526,6,-510,4,-536,3,-528,3,-528,2,-475,65,-529,6,-531,2,-535,10,-528,5,-527,2,-523,3,-549,5,-532,5,-531,6,-524,7,-540,8,-528,2,-526,3,-502,8,-514,4,-533,9,-530,5,-523,3,-535,2,-511,5,-536,18,-532,4,-544,3,-507,9,-527,3,-529,4,-525,9,-534,2,-539,3,-530,3,-535,2,-528,8,-532,6,-504,16,-513,18,-528,2,-489,35,-485,52,-532,10,-508,8,-528,9,-533,2,-536,2,-516,13,-518,4,-529,6,-542,3,-536,5,-534,5,-521,2,-535,2,-504,21,-522,5,-521,5,-533,3,-532,3,-553,6,-527,3,-540,3,-523,12,-482,52,-532,5,-543,3,-536,8,-543,3,-520,2,-531,8,-507,6,-538,4,-517,9,-543,3,-394,128,-534,3,-535,2,-543,7,-512,16,-516,10,-511,6,-523,7,-519,14,-527,6,-532,4,-519,9,-528,8,-518,14,-531,7,-526,8,-538,4,-514,26,-541,5,-536,4,-522,9,-503,39,-526,4,-524,2,-528,3,-541,2,-539,4,-506,15,-544,2,-489,42,-524,3,-522,14,-519,9,-518,42,-544,3,-537,2,-530,7,-519,21,-527,6,-475,49,-536,8,-543,2,-532,22,-548,12,-537,3,-536,3,-542,2,-544,5,-522,12
11,-531,6,-518,4,-547,3,-535,3,-536,2,-485,68,-545,6,-547,2,-545,10,-533,5,-539,2,-527,3,-567,5,-544,5,-540,6,-531,7,-545,8,-548,2,-531,3,-512,8,-527,4,-536,10,-542,5,-529,3,-541,2,-520,5,-547,18,-541,4,-554,3,-514,9,-538,3,-544,4,-537,9,-542,2,-551,3,-542,3,-537,2,-537,8,-543,6,-517,17,-525,18,-538,2,-495,36,-497,52,-542,10,-514,9,-540,9,-547,3,-544,2,-520,13,-531,4,-541,6,-554,3,-545,5,-547,5,-533,2,-541,2,-517,21,-530,5,-534,5,-545,3,-544,3,-567,6,-538,3,-550,3,-534,12,-488,53,-538,5,-557,3,-546,8,-554,3,-529,2,-536,8,-516,6,-548,4,-524,9,-554,3,-404,129,-547,3,-545,2,-551,7,-523,16,-523,10,-522,6,-530,7,-529,14,-536,6,-546,4,-523,10,-544,8,-531,14,-541,7,-538,8,-544,4,-525,26,-549,5,-547,4,-534,9,-515,39,-533,4,-531,2,-540,3,-551,2,-550,4,-515,15,-549,2,-498,42,-528,3,-528,15,-532,10,-530,44,-550,3,-552,2,-545,7,-529,21,-533,6,-486,49,-547,8,-553,2,-540,24,-555,12,-544,3,-552,3,-553,2,-550,5,-534,12
12,-543,6,-526,4,-556,3,-547,3,-544,2,-495,70,-553,6,-558,2,-560,10,-547,5,-545,2,-540,3,-576,5,-553,5,-548,6,-546,7,-562,8,-556,2,-544,3,-521,8,-535,4,-543,10,-556,6,-541,3,-551,2,-532,5,-554,18,-553,5,-563,3,-526,9,-545,3,-545,4,-544,9,-554,2,-557,3,-551,3,-550,2,-546,8,-550,6,-522,17,-534,18,-547,2,-503,36,-509,53,-546,10,-520,9,-555,10,-558,3,-551,2,-531,14,-538,4,-552,7,-563,3,-556,5,-554,5,-540,2,-554,2,-526,22,-542,5,-543,5,-556,3,-555,3,-577,6,-545,4,-558,3,-539,12,-500,53,-547,5,-563,3,-559,8,-563,3,-542,2,-546,8,-522,6,-555,4,-537,9,-561,3,-408,130,-556,3,-553,2,-562,7,-534,16,-534,10,-534,6,-542,7,-541,14,-549,6,-555,4,-534,10,-554,8,-539,15,-550,7,-547,8,-555,4,-540,26,-561,5,-559,4,-547,9,-525,40,-538,4,-539,2,-552,3,-565,2,-558,4,-525,15,-562,2,-506,42,-543,3,-540,15,-540,10,-539,45,-570,3,-560,2,-551,7,-538,21,-548,6,-494,49,-563,8,-563,2,-549,24,-556,12,-554,3,-562,3,-566,2,-562,5,-542,12
13,-556,6,-537,4,-567,3,-556,3,-555,2,-501,72,-562,6,-571,2,-563,10,-552,5,-555,2,-549,3,-583,5,-556,5,-564,6,-557,7,-568,8,-562,2,-556,3,-533,8,-544,4,-551,10,-562,6,-554,3,-567,2,-545,5,-566,18,-568,5,-572,3,-537,11,-556,3,-555,4,-553,9,-564,2,-566,3,-562,3,-562,2,-555,8,-555,6,-536,17,-542,19,-554,2,-513,37,-517,54,-552,11,-528,9,-568,10,-563,3,-559,2,-540,14,-554,5,-564,7,-578,3,-567,5,-560,5,-554,2,-565,2,-531,23,-555,5,-553,5,-571,3,-568,3,-585,6,-560,4,-567,3,-547,12,-511,55,-563,5,-574,3,-566,8,-571,3,-549,2,-551,8,-532,6,-563,4,-545,9,-573,3,-416,131,-563,3,-563,2,-571,7,-547,16,-545,10,-543,6,-557,7,-550,14,-558,6,-569,4,-545,10,-563,8,-548,15,-560,7,-556,8,-568,5,-551,26,-572,5,-569,4,-557,9,-532,42,-541,4,-545,2,-563,3,-572,2,-563,4,-530,15,-575,2,-513,43,-560,3,-550,15,-549,10,-547,47,-578,3,-574,2,-557,7,-549,21,-559,6,-501,50,-577,8,-580,2,-562,24,-560,12,-563,3,-570,3,-580,2,-573,5,-549,12
14,-567,6,-549,4,-577,3,-565,3,-561,2,-509,72,-572,6,-577,2,-571,10,-560,5,-558,2,-560,3,-592,5,-565,5,-580,6,-570,7,-580,8,-573,2,-569,3,-546,8,-556,4,-567,10,-573,6,-562,3,-577,2,-554,5,-576,18,-571,5,-578,3,-544,11,-564,3,-567,4,-558,9,-569,2,-574,3,-572,3,-570,2,-569,8,-565,6,-543,18,-556,19,-564,2,-524,37,-524,54,-565,11,-538,9,-575,10,-569,3,-567,2,-550,14,-560,5,-573,7,-590,3,-573,5,-571,5,-563,2,-574,2,-543,24,-564,5,-565,5,-579,3,-581,3,-593,6,-572,4,-577,3,-559,12,-520,56,-578,5,-584,3,-578,8,-581,3,-562,2,-561,8,-540,8,-584,4,-558,9,-581,3,-423,136,-572,3,-576,2,-579,7,-550,16,-558,10,-554,6,-564,7,-559,14,-571,6,-579,4,-559,10,-571,8,-560,15,-572,8,-562,8,-582,5,-561,26,-586,5,-578,4,-575,9,-533,42,-548,4,-552,2,-576,3,-584,2,-571,4,-539,15,-584,2,-523,43,-564,3,-564,15,-559,10,-555,48,-587,3,-588,2,-567,7,-558,21,-563,6,-509,52,-586,8,-591,2,-575,24,-569,12,-575,3,-578,3,-595,2,-587,5,-558,12
15,-573,6,-561,4,-587,3,-572,3,-569,2,-523,72,-581,6,-586,2,-584,10,-567,5,-568,2,-570,3,-603,6,-576,5,-588,6,-586,7,-594,8,-587,2,-574,3,-559,8,-569,4,-574,10,-582,6,-571,3,-582,2,-567,5,-589,19,-580,5,-588,3,-558,11,-571,3,-575,4,-568,9,-576,2,-585,3,-583,3,-577,2,-581,8,-577,6,-554,18,-565,19,-573,2,-531,38,-532,54,-578,11,-546,9,-586,10,-575,3,-577,2,-566,14,-570,5,-583,8,-602,3,-580,6,-578,5,-577,2,-586,2,-552,24,-576,5,-577,5,-586,4,-591,3,-598,6,-580,4,-584,3,-565,12,-532,56,-592,5,-588,3,-586,8,-589,3,-575,2,-573,8,-551,8,-591,4,-565,10,-590,3,-431,136,-582,3,-585,5,-591,7,-563,16,-569,10,-564,6,-570,7,-571,14,-578,6,-588,4,-565,10,-583,8,-573,15,-589,8,-568,8,-588,5,-571,26,-591,5,-589,4,-587,9,-542,42,-558,4,-567,2,-585,4,-593,2,-583,5,-546,15,-589,2,-531,43,-578,3,-575,15,-567,10,-564,48,-597,3,-603,2,-576,7,-568,21,-568,6,-516,54,-598,8,-606,3,-583,24,-583,12,-589,3,-584,3,-609,2,-596,5,-569,12
16,-579,6,-579,4,-595,3,-578,3,-582,2,-534,73,-594,6,-600,3,-599,11,-573,5,-577,2,-580,3,-614,6,-586,5,-597,6,-595,7,-599,8,-598,2,-585,3,-568,8,-578,4,-586,10,-591,6,-585,3,-595,2,-575,5,-596,19,-591,5,-602,3,-568,11,-587,3,-584,4,-582,9,-586,2,-592,3,-595,3,-589,2,-593,9,-589,6,-573,18,-580,19,-582,2,-537,39,-539,56,-585,11,-557,11,-596,10,-581,3,-588,2,-576,15,-582,5,-594,8,-612,3,-592,6,-590,5,-584,2,-594,2,-560,24,-588,5,-587,5,-600,4,-604,3,-603,6,-594,4,-588,3,-572,12,-540,57,-601,5,-599,3,-595,8,-597,3,-587,2,-579,8,-564,8,-602,4,-571,10,-600,3,-435,138,-592,3,-591,5,-600,7,-574,16,-578,10,-569,6,-579,7,-578,14,-590,6,-594,4,-573,10,-591,8,-582,15,-600,8,-576,8,-601,5,-578,26,-602,5,-597,4,-598,9,-554,42,-571,4,-578,2,-600,4,-605,2,-592,5,-553,15,-600,2,-537,45,-587,3,-585,15,-573,10,-571,49,-608,3,-612,2,-588,7,-574,21,-573,6,-520,54,-610,8,-620,3,-595,24,-596,13,-601,3,-592,3,-618,2,-608,5,-575,12
17,-589,6,-589,4,-607,3,-588,3,-587,2,-536,74,-606,6,-615,3,-606,11,-581,5,-584,2,-586,3,-624,6,-591,5,-611,6,-604,7,-611,9,-605,2,-594,3,-577,8,-586,4,-590,11,-596,6,-598,3,-606,2,-583,5,-610,19,-597,5,-614,3,-583,11,-598,3,-594,4,-591,9,-599,2,-604,3,-609,3,-607,3,-600,9,-600,7,-584,20,-591,19,-590,2,-546,39,-545,58,-595,11,-569,11,-603,10,-591,3,-599,2,-588,15,-598,5,-600,8,-623,3,-604,6,-598,5,-594,2,-606,2,-567,25,-597,5,-599,5,-605,4,-610,3,-613,6,-597,4,-605,3,-581,12,-550,57,-607,5,-606,3,-603,8,-603,3,-599,2,-588,8,-577,8,-611,4,-578,10,-613,3,-444,139,-601,3,-599,5,-612,7,-581,16,-592,11,-574,6,-592,7,-589,14,-599,6,-598,4,-581,10,-596,8,-596,16,-605,8,-586,8,-605,5,-592,26,-611,5,-603,4,-609,9,-563,43,-576,4,-590,2,-612,4,-621,2,-601,5,-563,15,-608,2,-544,45,-600,3,-597,16,-583,10,-582,50,-621,3,-624,2,-598,7,-587,21,-582,6,-535,54,-624,8,-634,3,-606,25,-602,13,-621,3,-603,3,-634,2,-615,5,-586,12
18,-602,6,-598,4,-617,3,-599,3,-594,2,-545,76,-616,6,-621,4,-607,11,-594,5,-593,2,-598,3,-630,6,-595,5,-620,6,-611,8,-621,9,-618,3,-603,3,-588,8,-593,4,-600,11,-606,6,-608,3,-613,2,-597,5,-615,20,-609,5,-625,3,-592,11,-605,3,-607,4,-597,9,-613,2,-612,3,-622,3,-619,3,-610,9,-609,7,-593,20,-597,19,-597,2,-562,39,-556,61,-607,11,-579,11,-615,10,-604,3,-607,2,-604,15,-612,5,-610,8,-630,3,-614,9,-606,5,-604,2,-619,2,-577,26,-605,5,-614,5,-614,4,-618,3,-621,6,-606,4,-610,3,-595,12,-559,57,-620,5,-618,3,-619,8,-614,3,-614,2,-600,8,-588,9,-617,4,-590,10,-622,3,-455,142,-614,3,-611,5,-617,7,-593,16,-598,11,-589,6,-600,7,-595,14,-608,7,-610,4,-593,10,-607,8,-607,16,-611,8,-599,8,-618,5,-600,26,-614,5,-620,4,-615,9,-575,44,-581,4,-604,2,-625,4,-632,2,-614,5,-569,15,-616,2,-552,45,-606,3,-610,17,-594,10,-589,50,-632,3,-628,2,-604,7,-598,21,-585,6,-545,55,-636,8,-644,3,-615,26,-615,13,-627,3,-612,3,-642,2,-622,5,-598,13
19,-615,6,-610,4,-631,3,-609,3,-607,2,-557,76,-630,6,-628,4,-620,11,-604,5,-601,2,-612,3,-634,6,-598,5,-628,6,-617,8,-632,9,-625,3,-616,3,-603,8,-603,4,-612,12,-615,6,-620,3,-618,2,-605,5,-628,20,-616,5,-635,3,-600,12,-612,3,-614,4,-612,9,-626,2,-620,3,-628,3,-629,3,-618,9,-621,7,-611,20,-604,19,-605,2,-568,41,-561,62,-619,11,-589,11,-628,10,-616,3,-613,2,-613,15,-621,5,-622,8,-639,3,-619,9,-617,6,-613,2,-624,2,-584,26,-609,5,-627,5,-623,4,-627,3,-635,6,-621,5,-621,3,-605,12,-565,59,-630,5,-632,3,-633,8,-625,3,-625,2,-611,8,-597,9,-628,4,-600,10,-638,3,-465,147,-620,3,-623,5,-623,7,-603,16,-602,11,-599,6,-612,7,-605,14,-614,7,-619,4,-603,10,-617,8,-620,16,-622,8,-609,8,-627,5,-609,26,-619,5,-629,4,-625,9,-584,45,-591,4,-610,2,-631,4,-644,2,-626,5,-582,15,-628,2,-562,46,-617,3,-623,18,-607,10,-596,52,-644,3,-640,2,-617,7,-609,21,-591,6,-556,56,-646,8,-655,3,-624,27,-626,13,-633,3,-618,3,-654,2,-631,5,-605,13
20,-620,6,-619,4,-639,3,-618,3,-621,2,-565,77,-641,6,-640,4,-637,11,-621,5,-611,2,-622,3,-647,6,-602,5,-641,6,-626,8,-640,9,-633,3,-631,3,-614,8,-612,4,-621,12,-623,6,-631,3,-632,2,-614,5,-639,20,-623,5,-641,3,-603,12,-620,3,-620,4,-621,9,-638,2,-628,3,-635,3,-635,3,-630,10,-629,7,-616,20,-615,20,-612,2,-578,41,-574,62,-632,11,-600,11,-635,10,-627,3,-624,2,-621,15,-631,5,-635,9,-647,3,-632,9,-625,6,-627,2,-634,2,-595,26,-620,5,-641,5,-629,4,-638,3,-647,6,-631,5,-631,3,-614,12,-572,61,-638,5,-642,3,-644,8,-632,4,-634,2,-623,9,-611,9,-638,4,-613,10,-646,3,-472,148,-636,3,-629,5,-630,8,-616,16,-616,11,-612,6,-619,7,-616,15,-628,7,-635,4,-618,10,-630,8,-632,16,-642,8,-618,8,-632,5,-617,27,-624,5,-643,4,-635,9,-594,46,-602,4,-625,2,-637,4,-648,2,-634,5,-585,15,-634,2,-569,47,-628,3,-631,18,-615,10,-610,52,-648,3,-653,2,-630,7,-618,21,-601,6,-565,56,-655,8,-666,3,-634,28,-633,13,-648,3,-622,3,-662,2,-639,5,-614,13
21,-637,6,-625,4,-655,3,-624,3,-627,2,-576,79,-651,6,-645,4,-646,11,-635,5,-616,2,-631,3,-662,6,-612,5,-644,6,-633,8,-651,9,-641,3,-642,3,-622,8,-622,4,-629,12,-630,6,-638,3,-641,2,-620,5,-652,20,-635,5,-649,3,-609,12,-628,3,-635,4,-633,9,-646,2,-637,3,-642,3,-649,3,-640,10,-648,7,-623,20,-627,20,-619,2,-596,43,-577,66,-641,11,-612,11,-650,10,-636,3,-632,2,-626,15,-638,5,-639,9,-651,3,-640,9,-634,6,-636,2,-648,2,-604,26,-639,5,-648,5,-648,4,-643,3,-654,7,-641,5,-642,3,-622,13,-579,61,-650,5,-654,3,-654,9,-645,4,-642,2,-630,10,-620,9,-645,4,-625,11,-657,3,-485,152,-649,3,-639,5,-640,8,-629,16,-632,11,-622,6,-629,7,-625,15,-637,7,-644,5,-627,10,-639,8,-640,16,-654,8,-626,8,-644,5,-632,28,-637,5,-650,4,-647,9,-608,46,-614,4,-631,2,-648,4,-659,2,-642,5,-597,17,-649,3,-583,48,-631,3,-641,19,-621,10,-624,53,-655,3,-660,2,-641,7,-626,22,-612,6,-572,56,-660,8,-677,3,-645,28,-645,13,-656,3,-630,3,-671,2,-651,5,-620,13
22,-649,6,-634,4,-665,3,-633,3,-638,2,-585,79,-660,6,-652,4,-660,11,-647,5,-627,2,-640,3,-672,6,-619,5,-654,6,-643,8,-660,9,-651,3,-653,3,-634,8,-633,4,-639,12,-639,6,-645,3,-647,2,-628,5,-661,20,-643,5,-659,3,-618,12,-636,3,-640,4,-642,9,-652,2,-648,3,-656,3,-657,3,-654,10,-656,7,-634,20,-633,20,-626,2,-602,44,-587,67,-654,11,-624,11,-657,10,-645,3,-641,3,-635,16,-645,5,-650,10,-662,3,-647,9,-645,6,-643,2,-663,3,-614,27,-650,5,-660,5,-659,4,-654,3,-661,7,-652,5,-651,3,-629,13,-585,63,-662,6,-658,3,-659,9,-650,4,-654,2,-647,10,-629,9,-653,4,-634,13,-662,3,-495,156,-658,3,-648,6,-652,8,-641,16,-644,11,-627,6,-638,7,-636,16,-651,7,-656,5,-641,10,-653,8,-653,16,-669,8,-638,8,-660,5,-642,29,-650,5,-659,4,-657,9,-618,46,-625,4,-643,2,-657,4,-669,2,-652,5,-606,17,-657,3,-593,48,-640,3,-654,19,-631,10,-636,54,-660,3,-668,2,-651,7,-640,23,-628,6,-583,56,-671,8,-686,3,-656,28,-652,13,-662,3,-638,3,-678,2,-666,5,-627,13
23,-660,6,-648,4,-677,3,-647,4,-644,3,-594,79,-673,6,-662,4,-668,12,-658,5,-634,2,-648,3,-678,6,-626,5,-665,6,-648,8,-674,9,-664,3,-665,3,-642,8,-641,4,-648,12,-653,6,-654,3,-658,2,-642,5,-668,21,-650,5,-666,3,-623,12,-646,3,-650,4,-652,9,-663,2,-659,3,-665,3,-673,3,-666,10,-669,7,-643,20,-640,20,-631,2,-612,44,-600,68,-663,11,-641,11,-664,10,-659,3,-652,3,-644,16,-654,5,-658,11,-673,3,-654,9,-651,6,-647,2,-670,3,-626,27,-661,5,-670,5,-665,4,-668,3,-668,7,-658,5,-666,3,-644,13,-591,63,-678,6,-665,3,-665,9,-663,5,-671,2,-658,10,-637,9,-660,4,-648,13,-670,3,-504,158,-667,3,-658,6,-660,8,-649,16,-650,11,-643,6,-649,7,-646,16,-658,7,-668,5,-648,10,-661,8,-662,16,-682,9,-646,9,-666,6,-647,31,-661,5,-668,4,-669,9,-627,46,-632,4,-654,3,-662,4,-677,2,-660,5,-623,18,-669,3,-601,49,-648,3,-663,19,-647,10,-649,55,-671,3,-679,2,-661,7,-649,23,-638,6,-594,56,-683,8,-691,3,-668,29,-662,14,-672,3,-644,3,-691,2,-676,5,-638,13
24,-676,6,-658,4,-687,3,-658,4,-652,3,-603,79,-681,6,-674,4,-681,12,-666,5,-641,2,-661,3,-687,6,-635,5,-674,6,-654,8,-684,10,-672,3,-676,3,-655,8,-648,4,-663,12,-659,7,-662,4,-667,2,-650,5,-678,21,-656,5,-673,3,-634,12,-655,3,-658,4,-657,9,-673,2,-670,3,-676,3,-683,3,-676,10,-675,7,-655,20,-645,20,-644,2,-622,45,-609,68,-675,11,-652,11,-680,10,-668,3,-664,3,-652,16,-662,5,-664,11,-682,3,-660,9,-666,6,-657,2,-675,3,-632,28,-676,5,-675,6,-669,4,-681,3,-674,7,-669,5,-680,3,-660,13,-601,63,-684,6,-671,3,-677,9,-669,5,-685,2,-665,10,-649,9,-673,4,-662,13,-677,3,-512,160,-677,3,-668,6,-671,8,-657,16,-658,11,-652,6,-661,7,-656,17,-670,7,-675,5,-664,10,-669,8,-669,16,-696,9,-656,9,-676,6,-658,31,-668,5,-678,4,-678,10,-637,47,-642,4,-662,3,-673,4,-685,2,-670,5,-637,19,-682,3,-609,51,-659,3,-668,20,-658,10,-661,55,-683,3,-694,2,-672,7,-664,24,-648,6,-607,58,-688,8,-703,3,-681,29,-671,14,-679,3,-655,3,-694,2,-690,5,-652,13
25,-688,6,-670,4,-695,3,-664,4,-664,3,-614,79,-693,6,-684,4,-687,12,-675,5,-656,2,-676,3,-699,6,-641,5,-683,6,-662,8,-688,10,-682,3,-688,3,-660,8,-654,4,-672,12,-671,7,-671,4,-678,2,-661,5,-687,21,-662,5,-685,3,-643,12,-668,3,-666,4,-664,9,-682,2,-676,3,-686,3,-691,3,-685,10,-682,7,-668,20,-654,20,-656,2,-631,45,-622,70,-682,11,-664,11,-687,10,-681,3,-675,3,-658,16,-672,5,-674,11,-690,3,-673,10,-684,6,-669,2,-682,3,-647,28,-683,5,-688,6,-674,4,-689,3,-687,7,-684,5,-696,3,-667,13,-611,63,-695,6,-681,3,-683,9,-675,5,-690,2,-674,10,-661,9,-682,4,-676,13,-689,3,-518,161,-688,3,-678,6,-680,8,-664,17,-669,11,-658,6,-666,7,-666,17,-683,7,-688,5,-676,10,-683,8,-680,16,-701,9,-667,9,-690,6,-668,31,-678,5,-683,4,-689,10,-646,50,-652,4,-674,3,-678,4,-693,2,-692,5,-643,21,-696,3,-621,52,-666,3,-676,20,-670,11,-668,55,-693,3,-701,2,-686,8,-670,25,-665,6,-616,58,-695,8,-713,3,-692,30,-679,14,-690,3,-665,3,-705,2,-703,5,-658,14
26,-700,6,-679,4,-703,3,-669,4,-674,3,-621,79,-706,6,-693,4,-699,12,-681,5,-667,2,-685,3,-707,6,-651,5,-688,6,-669,9,-697,10,-693,3,-700,3,-672,8,-662,4,-683,12,-679,7,-677,4,-690,2,-673,5,-697,22,-674,5,-696,3,-657,12,-680,3,-673,4,-676,9,-693,2,-686,3,-695,3,-700,4,-687,11,-692,7,-679,21,-669,20,-664,2,-642,45,-633,71,-690,12,-668,11,-696,10,-695,3,-679,3,-668,16,-677,5,-681,11,-706,3,-682,10,-697,6,-677,2,-693,3,-653,28,-698,5,-697,6,-680,4,-703,3,-695,7,-695,5,-705,3,-678,13,-620,66,-708,6,-697,3,-688,10,-688,5,-697,2,-680,11,-677,9,-695,4,-689,13,-699,3,-527,161,-698,3,-687,6,-694,9,-677,18,-674,14,-669,6,-673,7,-673,17,-689,7,-700,5,-686,10,-696,8,-690,17,-715,9,-684,9,-706,6,-673,31,-685,5,-694,4,-701,10,-656,52,-661,4,-681,3,-687,4,-702,2,-703,5,-655,21,-706,3,-630,53,-675,3,-687,20,-680,11,-678,57,-706,3,-707,2,-692,8,-678,25,-672,6,-629,59,-707,9,-725,3,-699,30,-690,14,-701,3,-672,4,-709,3,-709,5,-668,15
27,-710,6,-692,4,-708,3,-685,4,-681,3,-635,81,-717,6,-702,4,-705,13,-688,5,-676,2,-691,3,-722,6,-659,5,-693,6,-671,9,-705,10,-702,3,-707,3,-682,8,-675,4,-691,12,-685,7,-685,5,-699,2,-682,5,-704,22,-681,5,-713,3,-666,12,-685,3,-684,4,-688,9,-701,2,-694,3,-703,4,-707,4,-695,11,-703,8,-687,21,-679,20,-671,2,-649,46,-642,72,-697,13,-677,11,-712,10,-706,3,-690,3,-678,16,-687,5,-693,11,-714,3,-693,11,-709,6,-684,2,-707,3,-668,29,-705,5,-711,6,-694,4,-714,3,-707,8,-703,5,-716,3,-684,13,-633,69,-716,6,-711,3,-696,10,-705,5,-709,2,-692,11,-685,9,-700,4,-697,13,-713,3,-536,163,-705,3,-696,7,-701,9,-690,18,-691,14,-678,6,-689,7,-686,17,-698,7,-714,5,-695,10,-703,8,-703,17,-732,9,-700,9,-714,6,-679,32,-698,5,-704,4,-714,10,-666,52,-677,4,-693,3,-697,4,-705,2,-716,5,-671,21,-713,3,-636,55,-681,3,-694,20,-690,11,-686,57,-719,3,-715,2,-703,8,-685,25,-679,6,-639,60,-719,9,-731,3,-712,30,-699,15,-712,3,-676,4,-716,3,-718,5,-675,15
28,-719,6,-704,4,-713,3,-693,4,-687,3,-641,82,-730,6,-708,4,-709,13,-694,5,-684,2,-700,3,-732,6,-665,5,-702,6,-685,9,-712,10,-712,3,-714,3,-689,9,-688,4,-704,12,-693,7,-694,5,-703,2,-691,6,-715,22,-689,5,-726,3,-679,12,-700,3,-699,4,-705,9,-709,2,-704,3,-712,4,-717,4,-700,11,-714,8,-693,21,-691,20,-678,2,-658,47,-651,72,-711,13,-690,11,-721,10,-717,3,-699,3,-685,16,-700,6,-703,11,-722,3,-705,11,-720,6,-694,2,-716,3,-678,29,-718,5,-719,6,-700,4,-724,3,-716,8,-719,5,-728,3,-703,13,-644,72,-723,6,-726,3,-704,10,-706,5,-723,2,-705,11,-698,9,-711,4,-707,14,-722,4,-544,168,-718,3,-708,7,-713,10,-700,18,-701,14,-690,6,-699,7,-694,18,-714,7,-725,5,-702,10,-708,8,-715,17,-743,10,-711,9,-721,6,-689,32,-706,5,-709,4,-724,10,-673,53,-684,4,-700,3,-710,4,-717,2,-727,5,-678,21,-731,3,-640,57,-687,3,-706,20,-702,11,-694,60,-728,3,-726,2,-716,8,-695,25,-691,6,-651,61,-723,9,-743,3,-720,30,-709,15,-717,3,-688,4,-722,3,-729,5,-686,15
29,-726,6,-713,4,-724,3,-704,4,-697,3,-653,84,-739,6,-717,4,-719,13,-700,5,-696,2,-716,3,-745,6,-674,5,-709,6,-693,10,-718,10,-724,3,-722,3,-696,9,-701,4,-710,12,-703,7,-707,5,-711,2,-699,7,-725,22,-694,5,-740,3,-687,12,-709,3,-705,4,-713,9,-716,2,-714,3,-721,4,-726,4,-712,11,-721,8,-699,21,-698,20,-687,2,-667,47,-660,74,-721,13,-695,11,-728,10,-725,3,-711,3,-695,16,-714,6,-709,11,-732,3,-717,11,-727,6,-710,2,-737,3,-684,29,-731,5,-734,6,-713,4,-734,3,-726,8,-735,5,-736,3,-714,13,-653,76,-738,6,-736,3,-721,10,-717,5,-736,2,-715,11,-711,9,-719,4,-716,14,-729,4,-551,170,-733,3,-719,7,-721,10,-705,18,-712,14,-700,6,-709,7,-701,18,-722,7,-734,5,-707,11,-714,8,-724,18,-747,10,-719,9,-725,6,-697,32,-719,5,-721,4,-735,10,-679,54,-701,4,-709,3,-719,4,-728,2,-735,5,-695,21,-747,3,-651,59,-698,3,-713,20,-707,11,-701,60,-743,3,-737,2,-721,8,-708,26,-703,6,-664,62,-734,10,-754,3,-728,30,-724,15,-731,3,-698,4,-729,3,-734,5,-695,15
30,-736,6,-721,4,-733,3,-712,4,-710,3,-665,85,-746,6,-724,4,-725,13,-710,5,-712,2,-725,3,-747,6,-683,5,-720,6,-701,10,-727,10,-729,3,-732,3,-704,9,-715,4,-720,12,-713,7,-714,5,-718,2,-708,7,-730,22,-703,5,-751,3,-697,12,-716,3,-716,5,-725,9,-724,2,-722,3,-730,4,-736,4,-719,11,-730,8,-711,22,-709,21,-699,2,-671,48,-674,74,-731,13,-710,11,-737,10,-730,3,-719,3,-707,16,-737,6,-726,11,-746,3,-727,11,-742,6,-718,2,-743,3,-690,29,-740,5,-745,6,-722,4,-737,3,-733,8,-746,5,-751,3,-733,13,-659,78,-748,6,-755,3,-734,10,-724,5,-742,2,-723,12,-724,9,-725,4,-726,14,-736,4,-568,170,-744,3,-736,7,-735,10,-718,18,-724,14,-707,6,-727,8,-710,18,-732,7,-739,7,-717,11,-720,8,-736,18,-758,10,-724,9,-737,6,-703,35,-728,5,-731,4,-751,10,-690,55,-712,4,-720,3,-727,4,-733,2,-749,5,-701,22,-759,3,-657,60,-708,3,-720,20,-712,11,-712,61,-756,3,-744,2,-732,8,-719,26,-715,6,-668,62,-744,10,-765,3,-737,31,-738,15,-736,3,-712,4,-738,3,-740,5,-703,15
31,-746,6,-730,4,-739,3,-728,4,-724,3,-670,85,-754,7,-734,4,-732,14,-721,5,-717,2,-738,3,-758,6,-693,5,-738,6,-707,10,-739,10,-745,3,-740,3,-711,9,-723,4,-732,12,-724,8,-725,5,-734,2,-723,7,-742,23,-717,5,-757,3,-709,12,-726,3,-725,5,-733,9,-737,2,-731,3,-745,4,-744,4,-725,11,-739,8,-720,22,-714,22,-710,2,-678,51,-680,74,-745,13,-716,11,-744,10,-736,3,-737,3,-717,16,-757,6,-736,11,-756,3,-731,11,-752,6,-728,2,-755,3,-700,29,-749,5,-752,6,-736,4,-747,3,-738,8,-755,6,-759,3,-743,13,-665,80,-763,6,-761,3,-748,10,-729,5,-755,2,-726,12,-733,9,-732,4,-735,14,-744,4,-577,171,-754,3,-747,7,-744,10,-723,18,-734,14,-720,6,-744,8,-715,18,-742,7,-746,7,-722,11,-732,8,-745,18,-765,10,-731,9,-748,6,-715,35,-740,5,-741,4,-754,10,-702,55,-723,4,-741,3,-737,4,-740,2,-756,5,-712,23,-768,3,-663,61,-716,3,-730,20,-728,11,-724,62,-772,3,-754,2,-742,8,-730,26,-727,6,-674,63,-758,10,-773,3,-745,31,-747,15,-743,3,-717,4,-750,3,-749,5,-718,15
32,-758,6,-738,4,-753,3,-736,4,-734,3,-680,85,-761,7,-744,4,-744,14,-731,5,-728,2,-746,3,-767,6,-703,5,-743,6,-719,11,-746,10,-757,3,-749,3,-721,9,-738,4,-741,12,-732,8,-737,5,-743,2,-732,7,-755,24,-730,5,-774,3,-721,13,-742,3,-734,5,-743,9,-744,2,-739,3,-755,4,-757,4,-733,11,-745,8,-724,22,-720,22,-722,2,-689,52,-690,75,-755,13,-726,11,-754,11,-743,3,-748,3,-723,16,-767,6,-742,11,-770,3,-740,11,-768,6,-738,2,-771,3,-712,29,-756,5,-757,6,-745,4,-766,3,-749,8,-765,6,-767,3,-747,13,-671,82,-774,6,-770,4,-755,11,-740,5,-764,2,-735,12,-741,9,-738,4,-747,14,-755,4,-586,173,-766,3,-758,7,-756,10,-734,18,-735,14,-730,6,-754,8,-723,18,-748,7,-754,7,-728,11,-747,9,-761,18,-776,10,-742,9,-762,6,-728,36,-752,5,-755,4,-762,10,-711,56,-736,4,-753,4,-742,4,-748,2,-767,5,-722,23,-777,3,-675,61,-727,3,-739,20,-738,11,-728,66,-784,3,-764,2,-752,8,-739,27,-739,6,-686,64,-764,10,-783,3,-752,32,-757,16,-753,3,-721,4,-758,3,-756,5,-726,15
33,-761,6,-751,4,-760,3,-754,5,-745,3,-689,85,-768,7,-751,4,-755,14,-738,5,-737,2,-759,3,-780,6,-715,5,-752,6,-731,11,-754,11,-767,4,-762,3,-733,9,-748,4,-748,12,-741,8,-744,5,-755,2,-742,7,-764,24,-741,5,-782,3,-733,13,-755,3,-740,5,-757,9,-751,2,-753,3,-760,4,-764,4,-741,11,-751,8,-735,23,-728,22,-736,2,-696,52,-693,77,-768,13,-735,11,-764,11,-753,3,-762,3,-734,16,-780,6,-750,12,-778,3,-749,11,-780,6,-746,2,-785,3,-722,30,-767,5,-764,6,-755,4,-779,3,-760,8,-776,6,-777,3,-756,13,-686,84,-778,6,-781,4,-762,11,-748,5,-775,2,-746,14,-753,9,-756,4,-753,14,-768,4,-589,177,-776,3,-762,7,-761,10,-748,18,-743,14,-742,6,-769,8,-735,18,-758,8,-760,8,-741,11,-756,10,-770,19,-782,10,-752,9,-772,6,-737,36,-767,5,-768,4,-773,10,-722,58,-747,4,-766,4,-752,4,-755,2,-774,5,-734,23,-785,3,-683,63,-735,3,-751,20,-749,11,-734,66,-791,3,-773,2,-762,8,-750,27,-747,6,-695,66,-770,11,-791,3,-756,32,-770,16,-761,3,-730,4,-766,3,-770,5,-738,15
34,-773,6,-760,4,-769,3,-765,5,-758,3,-698,85,-777,7,-763,4,-766,14,-750,5,-748,3,-771,3,-790,6,-726,5,-761,6,-741,11,-763,11,-775,4,-770,3,-743,9,-759,4,-755,12,-751,9,-750,5,-760,2,-758,7,-779,24,-748,5,-792,3,-739,15,-770,3,-753,5,-767,9,-764,3,-755,3,-770,4,-777,4,-752,11,-764,8,-747,23,-739,22,-744,2,-703,52,-701,79,-786,13,-747,11,-771,11,-761,3,-778,3,-744,16,-789,6,-765,12,-788,3,-756,11,-791,6,-757,2,-793,3,-730,30,-781,5,-773,6,-765,4,-796,4,-768,8,-781,6,-788,3,-765,13,-697,84,-789,6,-792,4,-771,11,-761,5,-783,2,-755,14,-762,9,-765,4,-761,14,-777,4,-595,181,-782,3,-768,7,-770,10,-755,18,-757,14,-748,6,-774,8,-742,18,-767,8,-768,8,-749,11,-766,10,-777,19,-799,10,-757,9,-785,6,-744,36,-775,5,-780,4,-777,10,-732,60,-760,5,-776,4,-759,4,-764,2,-782,5,-744,23,-794,3,-696,63,-747,3,-762,20,-760,11,-739,66,-800,3,-787,2,-771,8,-758,27,-759,6,-703,68,-777,11,-802,3,-767,32,-778,16,-773,3,-743,4,-780,3,-782,5,-747,15
35,-781,6,-770,4,-779,3,-778,5,-768,3,-711,85,-786,8,-774,4,-774,14,-766,5,-756,3,-781,3,-798,6,-733,5,-774,6,-749,11,-774,11,-781,4,-780,3,-747,9,-768,4,-771,12,-767,9,-761,5,-766,2,-769,7,-790,25,-760,5,-799,3,-754,15,-780,3,-762,5,-774,9,-775,3,-766,3,-779,4,-793,4,-758,11,-773,8,-756,23,-745,22,-756,2,-713,52,-708,79,-796,13,-752,11,-775,11,-771,3,-793,3,-751,16,-801,6,-770,12,-797,3,-769,11,-805,6,-767,2,-800,3,-738,30,-794,5,-783,6,-781,5,-804,4,-774,8,-793,7,-797,3,-771,13,-708,84,-801,6,-801,4,-787,11,-767,5,-795,2,-758,14,-772,9,-777,4,-768,14,-787,4,-602,183,-799,3,-780,7,-780,10,-760,20,-767,14,-756,6,-781,8,-753,19,-775,8,-778,8,-758,11,-778,10,-791,20,-809,10,-763,9,-794,6,-750,37,-781,5,-794,4,-787,10,-740,60,-769,5,-784,4,-769,4,-771,2,-796,5,-750,23,-804,3,-705,63,-759,3,-770,20,-770,11,-743,66,-813,3,-798,2,-785,8,-764,27,-767,6,-715,68,-796,11,-814,3,-779,32,-795,16,-782,3,-755,4,-786,3,-789,5,-765,16
36,-791,6,-781,4,-790,3,-787,5,-775,3,-720,87,-792,8,-784,4,-781,14,-775,5,-771,3,-791,3,-806,7,-744,5,-786,6,-760,11,-784,11,-794,4,-790,3,-757,9,-783,4,-781,12,-779,9,-767,5,-782,2,-777,7,-798,25,-772,5,-810,3,-761,15,-785,3,-774,5,-793,9,-790,3,-776,3,-783,4,-797,4,-771,11,-782,8,-761,23,-752,22,-762,2,-721,52,-719,80,-803,13,-765,11,-786,11,-779,3,-803,3,-761,18,-805,6,-783,12,-806,3,-778,11,-815,6,-776,2,-807,3,-744,31,-800,5,-801,6,-790,5,-813,4,-786,8,-800,7,-808,3,-782,13,-713,85,-807,6,-811,4,-801,12,-781,5,-808,2,-768,14,-785,9,-792,4,-776,14,-797,4,-608,188,-812,3,-792,7,-786,10,-773,20,-779,14,-763,6,-787,8,-761,19,-787,8,-788,8,-774,11,-793,10,-799,21,-819,11,-769,9,-805,6,-758,38,-791,5,-802,4,-796,10,-749,61,-781,5,-791,5,-775,4,-779,2,-810,5,-757,23,-811,3,-716,66,-768,3,-779,20,-782,11,-748,67,-824,3,-807,2,-799,8,-771,27,-781,7,-727,68,-805,11,-823,3,-787,32,-806,17,-790,3,-765,4,-797,3,-798,5,-777,16
37,-798,6,-792,4,-799,3,-795,5,-787,3,-726,87,-803,8,-789,4,-792,14,-784,5,-785,3,-803,3,-821,7,-755,5,-796,6,-771,11,-793,12,-799,4,-800,3,-767,9,-796,4,-790,12,-787,9,-781,5,-794,2,-792,8,-809,26,-784,5,-820,3,-773,15,-793,3,-782,5,-804,9,-802,3,-791,3,-789,4,-801,4,-779,11,-787,8,-768,23,-760,23,-768,2,-734,52,-728,81,-810,13,-773,12,-794,11,-795,3,-807,3,-775,18,-814,6,-797,12,-813,3,-795,11,-828,6,-787,2,-819,3,-749,33,-811,5,-813,6,-804,5,-826,4,-800,8,-809,7,-816,3,-789,13,-719,87,-809,6,-828,4,-811,12,-792,5,-820,2,-775,14,-788,9,-800,4,-784,14,-805,4,-611,193,-821,3,-801,7,-795,10,-780,21,-792,14,-774,6,-801,8,-780,19,-790,8,-794,8,-783,11,-803,10,-810,22,-831,11,-781,9,-812,6,-768,38,-802,5,-809,4,-803,10,-760,61,-790,5,-803,5,-793,4,-785,2,-820,5,-769,25,-819,3,-725,66,-780,3,-791,20,-795,13,-758,67,-832,3,-814,2,-812,8,-777,27,-790,7,-734,69,-812,11,-839,3,-796,32,-810,19,-799,3,-775,4,-806,3,-806,5,-793,16
38,-803,6,-807,4,-808,4,-802,5,-800,3,-736,88,-811,8,-801,4,-803,14,-790,6,-792,3,-809,3,-831,7,-766,5,-806,6,-777,11,-804,12,-812,4,-818,3,-780,9,-807,4,-794,12,-799,9,-789,5,-800,2,-803,8,-815,26,-790,5,-827,3,-787,16,-802,3,-791,5,-812,9,-807,3,-801,3,-803,4,-815,4,-786,11,-803,8,-778,23,-772,23,-775,2,-746,52,-738,81,-819,14,-782,12,-806,11,-807,3,-814,3,-789,18,-825,6,-805,12,-820,3,-803,11,-837,6,-797,2,-826,3,-754,33,-826,5,-825,6,-812,5,-839,4,-811,8,-824,7,-825,3,-797,13,-733,87,-820,6,-837,4,-818,12,-797,5,-825,2,-784,15,-795,9,-816,4,-791,14,-814,4,-624,197,-829,3,-813,7,-804,10,-791,22,-798,14,-787,6,-809,8,-789,19,-795,8,-801,8,-792,11,-813,10,-818,22,-840,11,-788,9,-820,6,-784,39,-808,5,-820,4,-812,10,-776,62,-799,5,-812,5,-805,4,-799,2,-832,5,-782,25,-827,3,-736,67,-788,3,-804,20,-808,14,-769,67,-843,3,-821,2,-817,8,-787,27,-797,7,-749,69,-822,11,-847,3,-805,32,-824,19,-815,3,-787,4,-820,3,-817,5,-799,16
39,-811,6,-820,4,-820,4,-814,5,-810,3,-747,88,-819,8,-808,4,-810,14,-798,6,-801,3,-819,3,-839,7,-779,5,-816,6,-783,11,-820,12,-821,4,-833,3,-789,9,-814,4,-801,12,-804,9,-801,5,-817,2,-814,8,-826,26,-802,5,-837,3,-795,16,-810,4,-801,5,-820,9,-819,3,-812,3,-814,4,-828,4,-796,11,-820,8,-785,23,-780,24,-785,2,-756,52,-744,81,-830,14,-791,12,-819,11,-819,3,-823,3,-798,18,-832,6,-817,12,-829,3,-811,11,-843,7,-810,2,-835,3,-763,34,-834,5,-835,6,-822,5,-849,4,-824,8,-842,7,-834,3,-805,13,-743,88,-823,6,-848,4,-831,13,-806,5,-835,2,-792,15,-802,9,-823,4,-799,14,-828,4,-629,203,-837,3,-822,7,-813,10,-798,22,-808,14,-798,6,-818,8,-802,20,-802,8,-810,8,-801,11,-827,10,-827,22,-851,11,-796,9,-828,6,-794,39,-823,5,-829,4,-828,10,-784,62,-810,5,-824,5,-811,4,-814,2,-846,5,-795,25,-834,3,-749,68,-796,4,-813,21,-816,14,-778,67,-848,4,-833,2,-828,8,-793,27,-807,7,-756,69,-832,11,-857,3,-812,32,-839,19,-817,3,-803,4,-829,3,-827,5,-809,16
40,-822,6,-835,4,-834,4,-823,5,-817,3,-750,88,-827,8,-820,4,-818,14,-807,6,-811,3,-833,3,-845,7,-784,5,-833,6,-795,11,-832,12,-834,4,-842,3,-808,9,-822,4,-809,12,-815,9,-809,5,-824,2,-819,9,-839,27,-814,5,-853,3,-808,16,-817,4,-808,5,-834,9,-829,3,-821,3,-828,4,-839,4,-804,11,-830,8,-797,23,-794,24,-796,2,-765,52,-754,82,-843,14,-800,12,-831,11,-830,3,-838,3,-802,19,-838,6,-826,12,-836,4,-824,11,-852,7,-820,2,-841,3,-776,34,-845,5,-842,6,-834,5,-861,4,-836,8,-847,7,-848,3,-816,13,-751,88,-834,6,-853,4,-840,13,-821,5,-840,2,-798,15,-810,9,-829,4,-807,14,-841,4,-641,206,-845,3,-829,7,-825,10,-811,23,-822,15,-811,6,-831,8,-809,20,-816,8,-819,8,-813,11,-832,10,-837,22,-858,11,-802,9,-840,6,-804,39,-832,5,-836,4,-833,10,-793,63,-814,5,-828,6,-819,4,-823,2,-857,5,-804,25,-838,3,-758,70,-806,4,-829,21,-828,15,-789,67,-861,4,-842,2,-838,8,-801,27,-821,7,-762,72,-841,11,-864,3,-817,32,-851,19,-824,3,-816,4,-840,3,-840,5,-818,16
41,-831,6,-847,4,-847,4,-835,5,-832,3,-759,91,-837,8,-824,4,-827,14,-817,6,-818,3,-845,3,-854,7,-795,5,-840,6,-808,11,-843,12,-839,4,-855,3,-819,9,-836,4,-816,12,-824,9,-825,5,-835,2,-827,9,-847,27,-825,5,-864,3,-813,18,-826,4,-823,5,-848,9,-839,3,-835,3,-837,4,-854,4,-811,11,-843,8,-808,24,-808,24,-802,2,-772,53,-759,83,-846,14,-807,12,-840,12,-842,3,-845,3,-811,19,-848,6,-838,12,-850,4,-835,11,-858,7,-829,2,-858,3,-782,34,-857,5,-852,6,-846,5,-872,4,-842,8,-852,7,-857,3,-823,13,-759,89,-843,6,-861,4,-846,13,-834,5,-851,2,-811,15,-823,9,-839,4,-814,14,-851,4,-655,210,-851,3,-836,7,-833,10,-818,23,-831,15,-818,6,-839,8,-821,21,-823,8,-827,8,-827,12,-844,10,-846,22,-872,11,-809,9,-847,6,-812,39,-838,5,-847,4,-848,10,-799,64,-824,5,-837,6,-832,4,-831,2,-871,6,-817,25,-847,3,-765,72,-824,4,-838,21,-838,15,-801,68,-868,4,-853,2,-849,8,-811,28,-826,7,-768,73,-851,11,-875,3,-830,33,-856,19,-833,3,-828,4,-853,3,-849,5,-825,16
42,-838,6,-855,4,-853,4,-843,5,-842,3,-764,91,-845,8,-834,4,-838,14,-828,6,-827,3,-857,3,-870,7,-807,5,-851,6,-817,11,-849,13,-848,4,-864,3,-831,9,-850,4,-828,12,-836,10,-832,5,-847,2,-838,9,-859,27,-835,5,-873,3,-822,19,-835,4,-836,5,-860,9,-852,3,-841,3,-843,4,-865,4,-822,12,-850,9,-815,24,-820,25,-814,2,-783,53,-768,84,-858,14,-820,12,-846,12,-853,3,-852,3,-822,19,-858,6,-845,12,-859,4,-844,11,-870,7,-840,2,-870,3,-795,35,-866,5,-865,6,-855,5,-879,4,-851,9,-863,7,-864,3,-836,13,-771,91,-853,6,-873,4,-853,14,-846,5,-854,2,-821,15,-833,9,-847,4,-820,14,-862,4,-661,211,-862,3,-850,7,-848,10,-829,23,-843,15,-825,6,-847,8,-831,21,-831,8,-836,8,-836,12,-854,10,-857,22,-883,11,-823,9,-858,6,-821,39,-847,5,-856,4,-857,10,-801,65,-838,5,-844,6,-838,4,-848,2,-878,6,-835,25,-857,3,-775,74,-833,4,-850,21,-848,15,-805,69,-876,4,-865,2,-859,8,-820,28,-836,7,-780,74,-860,11,-886,3,-838,33,-862,19,-840,3,-836,4,-869,3,-856,5,-837,16
43,-849,6,-863,4,-871,4,-851,5,-853,3,-775,94,-857,8,-849,4,-848,14,-838,6,-834,3,-867,3,-881,7,-821,5,-863,6,-825,12,-857,13,-863,4,-878,3,-843,9,-861,4,-835,14,-845,10,-840,5,-854,2,-845,9,-871,27,-846,5,-879,3,-831,19,-846,4,-842,6,-866,9,-863,3,-855,3,-854,4,-873,4,-829,12,-860,9,-829,24,-829,25,-824,2,-790,53,-776,84,-867,14,-829,12,-861,12,-860,3,-865,3,-830,19,-869,6,-857,12,-871,4,-851,11,-878,7,-851,2,-884,3,-802,35,-872,5,-870,6,-864,5,-893,4,-863,9,-870,7,-873,3,-844,14,-779,92,-867,6,-881,4,-866,14,-858,5,-865,2,-836,15,-842,9,-850,4,-832,14,-871,4,-674,216,-868,3,-865,7,-856,10,-838,23,-857,15,-836,6,-854,9,-837,21,-839,8,-847,8,-847,12,-867,10,-867,22,-892,11,-836,9,-870,6,-826,40,-858,5,-867,4,-870,10,-807,66,-843,5,-849,6,-847,4,-857,2,-890,6,-841,25,-865,3,-781,76,-842,4,-857,21,-859,15,-811,70,-891,4,-878,2,-868,8,-833,28,-843,7,-789,75,-866,11,-889,3,-845,33,-872,19,-852,3,-847,4,-881,3,-868,5,-851,16
44,-858,7,-875,4,-888,4,-860,5,-864,3,-777,95,-865,8,-857,4,-859,14,-849,6,-839,3,-874,3,-891,7,-832,5,-875,6,-838,12,-869,14,-875,4,-884,3,-848,9,-871,4,-848,14,-852,11,-843,5,-865,2,-852,9,-881,29,-850,5,-888,3,-842,19,-858,4,-853,6,-878,9,-877,3,-864,3,-863,4,-881,4,-837,12,-871,9,-841,24,-835,25,-836,2,-798,53,-783,85,-878,14,-838,12,-874,13,-871,3,-882,3,-839,19,-879,6,-868,13,-881,4,-857,11,-886,7,-864,2,-896,3,-808,35,-887,5,-879,6,-869,5,-903,4,-879,9,-889,7,-878,3,-858,14,-786,92,-880,6,-890,4,-876,14,-871,5,-875,2,-848,16,-853,9,-857,4,-849,15,-882,4,-683,218,-879,3,-875,7,-862,12,-846,23,-868,15,-843,6,-863,9,-844,22,-851,8,-863,8,-855,12,-874,10,-877,22,-898,11,-846,9,-882,6,-834,40,-863,5,-878,4,-883,10,-817,66,-852,5,-859,6,-854,4,-861,2,-895,6,-849,25,-872,3,-791,76,-854,4,-867,21,-868,15,-818,71,-907,4,-889,2,-877,9,-847,28,-853,8,-796,76,-883,11,-898,3,-853,33,-881,20,-859,3,-864,4,-891,3,-876,5,-860,16
45,-869,7,-886,4,-894,4,-872,5,-870,3,-789,95,-879,8,-871,4,-873,14,-858,6,-850,3,-885,3,-896,7,-845,5,-888,6,-849,12,-880,14,-885,4,-893,3,-856,9,-881,4,-865,14,-867,11,-857,5,-872,2,-860,9,-885,29,-863,5,-901,3,-853,19,-866,4,-861,6,-887,9,-885,3,-871,3,-877,4,-888,4,-849,12,-881,9,-855,25,-842,25,-841,2,-811,54,-790,85,-890,14,-851,13,-889,13,-886,3,-892,3,-845,20,-890,6,-876,13,-887,4,-864,11,-900,7,-880,2,-905,3,-815,36,-899,5,-885,6,-879,5,-912,4,-888,9,-898,7,-890,4,-872,14,-797,93,-891,6,-903,4,-883,14,-884,5,-883,2,-860,16,-863,9,-875,4,-864,15,-888,4,-693,222,-891,3,-879,7,-872,12,-853,23,-880,15,-852,6,-871,9,-852,22,-860,8,-871,8,-873,12,-887,11,-885,23,-906,11,-852,9,-885,6,-842,40,-871,5,-883,4,-901,10,-827,66,-860,6,-873,6,-863,4,-869,2,-903,6,-858,26,-881,3,-800,77,-858,4,-873,21,-879,15,-830,72,-915,4,-896,2,-887,9,-855,28,-860,8,-802,76,-887,11,-909,3,-857,33,-888,20,-872,3,-880,4,-899,3,-881,5,-874,16
46,-880,7,-895,4,-904,4,-880,5,-878,3,-798,97,-893,8,-882,4,-883,14,-874,6,-863,3,-895,3,-908,7,-849,5,-895,6,-860,12,-892,16,-892,4,-904,3,-865,9,-894,4,-871,14,-876,11,-869,5,-886,2,-873,9,-893,29,-878,5,-907,3,-863,20,-879,4,-865,6,-894,9,-890,3,-881,3,-886,4,-898,4,-861,12,-893,9,-866,25,-851,25,-852,2,-826,55,-797,87,-900,14,-862,13,-902,13,-893,3,-900,3,-856,20,-898,6,-890,13,-894,4,-875,11,-905,7,-888,2,-913,3,-831,37,-911,5,-895,6,-893,5,-923,4,-900,9,-915,7,-898,4,-877,14,-807,93,-904,6,-911,4,-894,14,-891,5,-896,2,-866,16,-872,9,-885,4,-870,16,-904,4,-699,226,-905,3,-883,7,-882,12,-860,23,-889,16,-861,6,-879,9,-864,22,-875,8,-873,8,-884,12,-901,11,-889,23,-914,11,-868,9,-896,6,-848,40,-882,5,-891,4,-914,10,-835,66,-872,6,-884,6,-874,4,-879,2,-913,7,-866,26,-890,3,-812,78,-863,4,-884,21,-888,15,-835,72,-927,4,-906,2,-895,9,-859,28,-877,10,-816,76,-896,11,-922,3,-868,34,-895,20,-883,3,-888,4,-907,3,-887,5,-879,16
47,-891,7,-908,4,-915,4,-892,5,-886,3,-807,98,-902,8,-894,4,-891,14,-882,6,-871,3,-911,3,-918,7,-863,5,-900,6,-865,12,-899,17,-900,4,-912,3,-871,9,-902,4,-884,14,-886,11,-878,5,-897,2,-886,9,-904,29,-884,5,-914,3,-877,20,-889,4,-875,6,-908,9,-900,3,-896,3,-897,4,-908,4,-872,13,-903,9,-878,25,-861,25,-865,2,-834,56,-809,90,-909,14,-869,14,-914,13,-901,3,-912,3,-868,20,-908,6,-897,13,-910,4,-882,11,-912,7,-893,2,-923,3,-845,38,-920,5,-904,6,-902,5,-929,4,-916,9,-928,7,-906,4,-885,15,-816,94,-915,6,-918,4,-904,15,-902,5,-906,2,-875,16,-886,9,-893,4,-879,16,-916,4,-705,230,-918,3,-895,7,-889,12,-872,24,-899,16,-870,6,-888,9,-877,22,-887,8,-879,8,-891,12,-912,11,-898,24,-921,11,-874,9,-905,6,-857,41,-888,5,-898,4,-925,10,-842,66,-880,6,-892,6,-888,4,-890,2,-923,7,-878,27,-895,3,-822,81,-872,4,-896,21,-894,15,-848,72,-936,4,-919,2,-906,9,-873,28,-897,10,-828,76,-904,11,-930,3,-873,34,-906,20,-892,3,-898,4,-916,3,-892,5,-885,17
48,-908,7,-920,4,-924,4,-903,5,-891,3,-816,99,-913,8,-902,4,-898,14,-901,6,-881,3,-918,3,-927,7,-873,5,-910,6,-879,12,-912,17,-907,4,-925,3,-884,9,-909,4,-898,14,-897,12,-885,5,-909,2,-896,9,-915,29,-895,5,-926,3,-887,20,-904,4,-883,6,-919,9,-907,3,-905,3,-905,4,-915,4,-876,13,-914,9,-884,25,-875,26,-875,2,-840,57,-818,91,-913,14,-879,14,-927,13,-914,4,-922,3,-877,20,-915,6,-908,13,-918,4,-891,11,-926,7,-903,2,-935,3,-854,38,-930,5,-910,6,-910,5,-940,4,-925,9,-941,7,-918,4,-890,15,-824,94,-920,6,-923,4,-916,15,-906,5,-917,2,-890,16,-895,9,-904,5,-893,17,-928,4,-720,231,-932,3,-906,7,-903,12,-881,24,-914,16,-881,6,-896,9,-881,23,-896,8,-889,8,-902,12,-927,11,-907,24,-929,11,-884,9,-910,6,-864,41,-896,5,-907,4,-937,10,-851,69,-889,6,-904,6,-895,4,-898,2,-930,7,-888,27,-908,3,-834,81,-889,4,-905,21,-908,16,-855,72,-944,4,-930,2,-912,9,-884,28,-903,10,-835,76,-914,11,-940,3,-884,34,-914,20,-897,3,-912,4,-926,3,-899,5,-896,17
49,-915,7,-926,4,-934,4,-919,5,-907,3,-823,100,-920,8,-912,4,-910,14,-911,6,-890,3,-930,3,-933,7,-884,5,-921,6,-896,12,-915,17,-919,4,-933,3,-895,9,-918,4,-913,14,-904,12,-894,5,-919,2,-906,9,-924,29,-907,5,-938,3,-893,20,-914,4,-892,6,-927,9,-918,3,-914,3,-916,4,-921,4,-886,13,-919,9,-895,25,-884,26,-882,2,-850,57,-826,92,-920,14,-889,14,-936,13,-925,4,-935,3,-881,20,-925,6,-923,13,-929,4,-905,11,-941,7,-915,2,-945,3,-864,40,-940,5,-927,6,-912,5,-948,4,-934,9,-951,7,-931,4,-899,15,-829,97,-930,6,-930,4,-926,15,-916,5,-926,2,-901,17,-903,9,-912,5,-902,17,-934,4,-725,234,-940,3,-918,7,-908,12,-891,24,-921,16,-894,6,-904,9,-893,23,-905,8,-896,9,-915,12,-937,12,-915,25,-941,11,-891,9,-920,6,-875,42,-908,5,-921,4,-945,10,-860,70,-898,6,-919,6,-902,4,-912,2,-936,7,-899,27,-914,3,-845,82,-896,4,-919,21,-916,16,-861,73,-955,4,-939,2,-926,10,-894,28,-916,11,-843,78,-923,11,-957,3,-895,34,-921,20,-908,3,-924,4,-937,3,-912,5,-908,17
50,-926,7,-939,4,-942,4,-926,5,-918,3,-833,101,-931,8,-917,4,-920,14,-916,6,-896,3,-938,3,-943,7,-899,5,-935,6,-905,12,-925,17,-927,4,-943,3,-904,9,-933,4,-923,14,-916,12,-902,5,-929,2,-920,9,-934,29,-913,5,-945,3,-905,21,-925,4,-903,6,-937,9,-930,3,-926,3,-929,4,-928,4,-896,13,-934,9,-905,25,-893,27,-896,2,-855,57,-832,95,-929,14,-899,14,-945,13,-934,4,-948,3,-893,21,-936,6,-930,13,-938,4,-924,11,-950,8,-922,2,-954,3,-881,40,-953,5,-937,6,-924,5,-958,4,-943,9,-958,7,-933,4,-907,16,-837,97,-936,6,-942,4,-932,15,-920,5,-930,2,-913,17,-912,9,-918,5,-915,17,-938,4,-728,235,-952,3,-931,7,-916,12,-901,25,-931,16,-907,6,-915,10,-904,23,-914,8,-907,9,-926,12,-949,12,-925,25,-955,11,-898,9,-930,6,-889,42,-916,5,-931,4,-957,10,-874,70,-914,6,-926,6,-913,4,-920,2,-950,7,-909,27,-927,3,-856,83,-902,4,-931,21,-928,16,-867,74,-961,4,-949,2,-938,10,-904,30,-922,11,-859,78,-935,11,-969,3,-901,34,-932,21,-920,3,-930,4,-944,3,-921,5,-913,17
51,-936,7,-950,4,-958,4,-938,5,-925,3,-843,102,-943,8,-937,4,-926,14,-927,6,-908,3,-948,3,-951,7,-907,5,-947,6,-915,12,-939,17,-938,4,-956,3,-918,9,-943,4,-934,14,-929,12,-913,5,-938,2,-932,9,-944,29,-923,5,-954,3,-912,22,-935,4,-915,6,-944,9,-940,3,-939,3,-939,4,-937,4,-903,13,-943,9,-913,25,-899,27,-907,2,-868,57,-844,96,-939,15,-909,14,-949,13,-943,4,-955,3,-901,22,-945,6,-939,14,-945,4,-937,11,-959,8,-930,2,-963,3,-893,41,-959,5,-946,6,-928,5,-963,4,-951,9,-970,7,-941,4,-918,16,-847,97,-945,6,-947,4,-940,16,-926,5,-942,2,-925,17,-921,9,-929,5,-927,17,-948,4,-734,238,-966,3,-940,7,-930,12,-912,25,-947,16,-913,6,-928,10,-910,24,-925,8,-916,9,-940,12,-957,12,-934,25,-966,11,-910,9,-945,6,-894,43,-924,5,-942,4,-966,10,-880,71,-929,6,-938,6,-920,4,-927,2,-959,7,-917,27,-937,3,-861,84,-916,4,-943,21,-938,16,-875,75,-971,4,-956,2,-944,11,-915,31,-926,11,-869,79,-951,11,-981,3,-910,34,-938,21,-930,3,-940,4,-956,3,-931,5,-924,17
52,-941,7,-960,4,-968,4,-949,5,-937,3,-855,103,-952,8,-945,4,-935,14,-938,6,-925,3,-958,3,-958,7,-915,5,-958,6,-921,12,-946,17,-948,4,-965,3,-929,9,-952,4,-943,14,-936,12,-922,5,-942,2,-936,9,-957,29,-932,5,-964,3,-925,23,-940,5,-921,6,-953,9,-943,3,-947,3,-944,4,-947,4,-913,13,-949,9,-924,25,-917,27,-921,2,-876,57,-854,96,-954,15,-923,14,-961,13,-956,4,-966,3,-915,22,-955,6,-950,15,-955,4,-951,11,-969,8,-938,2,-976,3,-905,42,-963,5,-960,6,-938,5,-977,4,-960,9,-977,7,-951,4,-925,17,-857,99,-952,6,-955,4,-948,17,-935,5,-955,2,-939,17,-932,9,-942,5,-940,17,-960,4,-741,240,-977,3,-947,7,-939,12,-922,25,-960,16,-928,7,-938,10,-919,24,-931,8,-925,9,-948,12,-965,12,-944,25,-972,11,-921,9,-953,6,-901,43,-938,5,-959,4,-978,10,-893,72,-939,6,-947,6,-933,4,-942,2,-966,7,-924,27,-943,3,-876,84,-923,4,-948,22,-953,16,-886,75,-980,4,-962,2,-958,11,-922,31,-938,11,-876,79,-965,11,-990,3,-916,34,-951,22,-942,3,-944,4,-970,3,-939,5,-930,18
53,-949,7,-972,4,-974,4,-959,5,-944,3,-861,104,-961,8,-961,4,-943,14,-949,6,-936,3,-965,3,-971,7,-922,5,-972,6,-935,12,-952,17,-956,4,-974,3,-933,9,-961,4,-953,14,-946,12,-928,6,-952,3,-948,9,-962,29,-941,5,-971,3,-939,24,-952,5,-934,6,-959,9,-955,3,-957,3,-957,4,-959,4,-922,13,-957,9,-929,25,-926,27,-937,2,-884,59,-856,97,-958,15,-935,14,-970,13,-968,4,-980,3,-927,22,-969,6,-958,15,-967,4,-963,11,-983,8,-950,2,-984,3,-912,42,-971,5,-974,6,-944,5,-988,4,-968,9,-985,7,-962,4,-930,18,-864,100,-965,6,-966,4,-962,17,-941,5,-966,2,-952,17,-944,9,-953,5,-953,17,-968,4,-748,241,-989,3,-963,7,-949,12,-929,25,-975,16,-932,7,-948,10,-927,24,-940,8,-939,9,-960,12,-971,13,-956,25,-979,12,-932,9,-963,7,-912,44,-948,5,-973,4,-986,10,-905,72,-947,6,-955,6,-944,4,-955,2,-976,7,-934,27,-951,3,-880,84,-932,4,-956,22,-961,16,-901,75,-990,4,-973,2,-965,11,-931,31,-949,11,-883,80,-980,11,-996,3,-930,34,-960,22,-957,3,-955,4,-983,3,-946,5,-940,18
54,-956,7,-986,4,-982,4,-965,5,-952,3,-868,106,-968,8,-970,4,-946,14,-959,6,-945,3,-979,3,-980,7,-934,5,-980,6,-955,12,-958,17,-967,4,-985,3,-946,9,-973,4,-962,14,-952,12,-944,6,-962,3,-956,9,-973,31,-950,5,-983,3,-946,24,-960,5,-944,6,-965,9,-965,3,-968,3,-969,4,-969,5,-935,13,-969,10,-943,25,-935,27,-947,2,-890,59,-872,99,-967,15,-943,14,-977,13,-975,4,-988,3,-942,22,-976,6,-971,15,-970,4,-971,11,-995,8,-962,2,-994,3,-916,42,-978,5,-983,6,-960,5,-1000,4,-981,9,-992,7,-973,4,-938,18,-873,100,-974,6,-981,4,-974,19,-951,5,-975,2,-960,17,-951,10,-965,5,-959,18,-979,4,-754,242,-1000,3,-974,8,-966,12,-941,25,-989,16,-948,8,-960,10,-936,24,-945,8,-949,9,-969,12,-983,13,-964,25,-989,12,-940,9,-973,7,-919,44,-960,5,-983,4,-994,10,-917,72,-955,6,-968,6,-952,4,-965,2,-986,7,-943,27,-962,3,-889,84,-941,4,-961,23,-966,16,-910,77,-1002,4,-980,2,-972,11,-938,31,-956,11,-893,80,-989,11,-1013,3,-943,34,-971,22,-967,3,-963,4,-1000,3,-953,5,-952,18
55,-971,7,-1003,4,-994,4,-980,5,-968,3,-882,108,-982,8,-979,4,-956,14,-971,6,-958,3,-992,3,-990,7,-938,5,-987,7,-962,12,-971,17,-976,4,-992,3,-954,9,-986,4,-973,14,-959,12,-954,6,-967,3,-964,9,-982,31,-964,5,-991,3,-957,25,-964,5,-952,6,-975,9,-975,3,-980,3,-981,4,-980,5,-944,13,-980,10,-951,26,-944,27,-959,2,-899,60,-880,99,-975,16,-958,14,-983,13,-984,4,-996,3,-951,23,-984,6,-978,15,-977,4,-989,11,-1002,8,-972,2,-1004,3,-925,42,-984,5,-993,6,-966,5,-1009,4,-987,9,-995,7,-983,4,-945,18,-882,102,-982,6,-994,4,-988,19,-959,5,-987,2,-970,17,-959,10,-971,5,-969,18,-988,4,-757,245,-1007,3,-981,8,-982,12,-952,26,-994,16,-962,8,-975,10,-947,24,-954,8,-959,9,-979,12,-990,13,-975,26,-997,12,-949,11,-982,8,-934,44,-969,5,-989,4,-1006,10,-925,72,-966,6,-980,6,-963,4,-975,2,-997,7,-952,27,-972,3,-900,84,-950,4,-966,24,-972,16,-923,77,-1012,4,-988,2,-987,11,-953,32,-968,11,-903,81,-999,11,-1019,3,-953,34,-986,22,-977,3,-973,4,-1007,3,-965,5,-962,18
56,-982,8,-1016,4,-1003,4,-985,5,-979,3,-894,110,-994,8,-986,4,-963,14,-978,6,-971,3,-997,3,-997,7,-947,5,-993,7,-977,12,-978,17,-983,4,-999,3,-967,9,-1000,4,-979,14,-968,12,-968,6,-974,3,-978,9,-994,31,-966,5,-1001,3,-966,26,-971,5,-969,6,-984,9,-980,3,-990,3,-991,4,-987,5,-957,13,-987,10,-959,27,-952,27,-970,2,-910,61,-899,100,-984,16,-965,14,-987,13,-990,4,-1004,3,-964,24,-995,6,-985,15,-985,4,-1005,11,-1010,8,-978,2,-1012,3,-938,42,-997,5,-998,6,-980,5,-1023,4,-997,9,-1001,7,-993,4,-959,18,-891,102,-993,6,-1004,4,-995,20,-978,5,-996,2,-975,17,-967,10,-983,5,-979,19,-999,4,-764,248,-1020,3,-989,8,-997,12,-957,26,-996,16,-969,8,-987,10,-962,25,-969,8,-975,9,-989,12,-996,14,-988,27,-1007,12,-959,11,-988,8,-943,45,-974,5,-1003,4,-1011,11,-933,72,-973,6,-990,6,-971,4,-984,2,-1011,7,-961,27,-980,3,-913,84,-969,4,-976,25,-980,16,-935,77,-1023,4,-999,3,-1000,11,-967,32,-979,11,-910,81,-1012,11,-1028,3,-963,35,-998,22,-985,3,-982,4,-1012,3,-979,6,-972,18
57,-989,8,-1024,4,-1010,4,-999,5,-995,3,-902,110,-1008,8,-1002,4,-973,14,-985,7,-978,3,-1007,3,-1011,7,-959,5,-1002,7,-990,12,-991,17,-990,4,-1006,3,-973,9,-1009,4,-987,14,-981,12,-977,6,-982,3,-989,9,-1003,32,-975,5,-1012,3,-974,26,-984,5,-976,6,-995,9,-993,3,-994,4,-1004,4,-992,5,-967,13,-998,10,-967,27,-958,27,-981,2,-918,61,-904,102,-992,16,-973,15,-997,13,-998,4,-1012,3,-976,26,-1005,6,-997,15,-994,4,-1012,11,-1021,8,-995,2,-1031,3,-944,43,-1012,5,-1010,6,-992,5,-1034,4,-1010,9,-1007,7,-996,4,-972,18,-900,104,-999,6,-1013,4,-1005,20,-985,5,-1005,3,-985,19,-976,10,-992,5,-986,20,-1008,4,-767,250,-1029,3,-995,8,-1007,12,-972,26,-1003,16,-983,9,-997,10,-970,25,-976,8,-984,9,-994,12,-1004,14,-994,27,-1015,12,-971,11,-997,8,-956,46,-987,5,-1015,4,-1018,11,-942,73,-980,6,-1002,6,-980,4,-995,2,-1025,7,-971,28,-996,3,-916,87,-978,4,-985,25,-995,16,-946,77,-1036,4,-1014,3,-1010,11,-978,33,-982,11,-916,81,-1026,11,-1040,3,-972,35,-1010,22,-999,3,-994,4,-1021,3,-989,6,-982,18
58,-1005,8,-1031,4,-1017,4,-1011,5,-1004,3,-909,111,-1017,9,-1009,4,-980,14,-992,7,-994,3,-1017,3,-1015,7,-968,5,-1012,7,-1008,12,-1000,17,-997,4,-1021,3,-984,9,-1021,4,-997,14,-988,12,-985,6,-995,3,-997,9,-1020,32,-982,5,-1022,3,-989,27,-992,5,-985,6,-1003,9,-1002,3,-1003,4,-1015,4,-1002,6,-984,13,-1007,10,-978,28,-971,27,-995,2,-924,62,-913,103,-1000,16,-982,15,-1013,13,-1009,4,-1019,3,-985,26,-1016,6,-1004,15,-1002,4,-1020,11,-1030,9,-999,2,-1036,3,-958,44,-1019,5,-1021,6,-1002,5,-1046,4,-1017,9,-1013,7,-1014,4,-980,18,-907,104,-1012,6,-1021,4,-1021,21,-1004,5,-1018,3,-994,20,-991,10,-1008,5,-998,20,-1013,4,-771,250,-1036,3,-1005,8,-1012,13,-981,27,-1015,16,-988,9,-1010,10,-979,26,-990,8,-994,9,-1003,12,-1016,14,-1004,27,-1023,12,-980,11,-1006,8,-962,47,-997,6,-1023,4,-1021,11,-953,73,-995,6,-1011,6,-991,4,-1004,2,-1030,7,-980,29,-1006,3,-922,87,-990,4,-995,25,-1007,16,-959,77,-1049,4,-1023,3,-1022,11,-986,35,-987,11,-925,81,-1030,11,-1051,3,-986,35,-1019,22,-1006,3,-1002,5,-1032,3,-1000,6,-992,18
59,-1022,8,-1039,4,-1025,4,-1027,5,-1013,3,-919,113,-1023,9,-1023,4,-990,14,-1000,7,-1001,3,-1028,3,-1021,7,-975,5,-1017,7,-1018,12,-1006,17,-1005,4,-1033,3,-991,9,-1027,4,-1010,14,-1002,13,-996,7,-1007,3,-1008,9,-1029,32,-991,5,-1033,3,-1000,27,-1003,5,-995,6,-1011,9,-1012,3,-1013,4,-1025,4,-1012,6,-993,13,-1020,11,-982,29,-979,28,-1009,2,-938,62,-918,103,-1011,16,-995,16,-1020,14,-1018,4,-1029,3,-1001,26,-1023,6,-1023,15,-1015,4,-1032,11,-1043,9,-1006,2,-1045,3,-972,45,-1032,5,-1033,6,-1008,5,-1053,4,-1026,9,-1025,7,-1024,4,-989,18,-916,105,-1019,6,-1030,4,-1031,21,-1016,5,-1029,3,-1003,20,-1000,10,-1024,5,-1010,20,-1024,4,-782,250,-1042,3,-1013,8,-1023,13,-996,27,-1020,17,-1001,9,-1018,10,-988,26,-999,8,-1003,9,-1019,12,-1022,14,-1011,27,-1030,12,-991,11,-1016,8,-972,47,-1012,6,-1034,4,-1030,11,-960,73,-1002,6,-1017,6,-1002,4,-1012,2,-1035,7,-986,30,-1018,3,-935,87,-999,4,-1003,25,-1013,16,-967,77,-1059,4,-1030,3,-1030,11,-990,35,-1000,11,-932,82,-1047,11,-1058,3,-999,35,-1030,23,-1019,3,-1015,5,-1041,3,-1009,6,-1003,18
60,-1031,8,-1050,4,-1035,4,-1037,5,-1023,3,-927,114,-1032,9,-1034,4,-1004,14,-1012,7,-1008,3,-1046,3,-1026,7,-982,5,-1026,7,-1025,12,-1018,18,-1021,4,-1042,3,-1005,9,-1035,4,-1027,14,-1011,13,-1008,7,-1017,3,-1018,9,-1039,32,-1000,5,-1041,3,-1009,27,-1021,5,-1004,6,-1019,9,-1028,3,-1022,4,-1034,4,-1019,6,-999,13,-1029,11,-994,31,-986,28,-1023,2,-942,63,-927,104,-1019,16,-1004,16,-1027,14,-1027,5,-1036,3,-1005,26,-1040,6,-1028,15,-1022,4,-1041,11,-1050,9,-1018,2,-1053,3,-982,46,-1042,6,-1042,6,-1017,5,-1065,4,-1035,9,-1031,7,-1040,4,-999,18,-922,105,-1029,6,-1038,4,-1039,21,-1027,5,-1036,3,-1012,20,-1015,10,-1035,5,-1018,20,-1036,4,-784,252,-1049,3,-1023,9,-1031,13,-1004,27,-1028,17,-1016,9,-1029,10,-1002,26,-1011,8,-1011,9,-1023,13,-1035,15,-1017,28,-1038,12,-999,12,-1028,8,-981,47,-1022,6,-1043,4,-1044,11,-971,73,-1015,6,-1027,6,-1009,4,-1019,2,-1046,7,-993,31,-1029,3,-946,88,-1012,5,-1015,25,-1018,16,-974,79,-1069,4,-1041,3,-1046,11,-997,36,-1010,11,-943,86,-1053,11,-1069,3,-1009,35,-1041,25,-1029,3,-1032,5,-1048,3,-1016,6,-1018,18
61,-1045,8,-1063,4,-1044,4,-1043,5,-1031,3,-935,116,-1040,9,-1040,4,-1016,14,-1024,7,-1019,3,-1058,3,-1037,7,-998,5,-1033,7,-1030,13,-1028,18,-1030,4,-1053,3,-1011,9,-1042,4,-1038,14,-1024,13,-1017,7,-1030,3,-1030,9,-1048,32,-1015,5,-1052,3,-1020,28,-1032,5,-1012,6,-1031,9,-1036,3,-1030,4,-1049,4,-1032,6,-1013,13,-1040,11,-1007,31,-997,28,-1032,2,-955,65,-934,107,-1031,17,-1009,16,-1038,14,-1035,5,-1049,3,-1013,26,-1053,6,-1036,15,-1028,4,-1051,12,-1055,9,-1028,2,-1067,3,-994,48,-1051,6,-1051,6,-1027,5,-1067,4,-1041,9,-1038,7,-1054,4,-1012,18,-927,106,-1037,6,-1047,4,-1052,21,-1034,5,-1044,4,-1019,21,-1024,10,-1045,5,-1024,20,-1043,4,-790,254,-1060,3,-1033,9,-1049,13,-1013,27,-1038,17,-1021,9,-1041,10,-1014,26,-1022,8,-1022,9,-1036,14,-1041,15,-1027,28,-1046,12,-1013,12,-1037,8,-993,47,-1031,6,-1051,4,-1055,11,-983,73,-1023,6,-1040,6,-1023,4,-1030,2,-1055,7,-999,31,-1041,3,-953,89,-1023,5,-1027,25,-1029,16,-982,79,-1080,4,-1047,3,-1054,11,-1012,36,-1024,11,-950,87,-1059,11,-1081,3,-1015,36,-1049,25,-1040,3,-1037,5,-1056,3,-1024,6,-1030,18
62,-1055,8,-1071,4,-1055,4,-1057,5,-1040,3,-940,118,-1051,9,-1061,4,-1023,15,-1034,7,-1038,3,-1071,3,-1048,7,-1007,5,-1039,7,-1039,13,-1039,18,-1038,4,-1064,3,-1025,9,-1052,4,-1043,14,-1033,13,-1030,7,-1040,3,-1045,9,-1055,32,-1027,5,-1056,3,-1033,28,-1047,5,-1028,7,-1042,9,-1045,3,-1050,4,-1058,4,-1042,6,-1028,14,-1052,11,-1018,31,-1009,28,-1042,2,-966,66,-945,109,-1037,17,-1023,16,-1050,14,-1047,5,-1061,3,-1021,26,-1064,6,-1043,15,-1033,4,-1059,12,-1058,9,-1037,2,-1074,3,-1003,49,-1059,6,-1055,6,-1038,5,-1074,4,-1049,9,-1047,7,-1067,4,-1022,18,-936,106,-1048,6,-1056,4,-1062,21,-1051,5,-1053,4,-1027,21,-1036,10,-1053,5,-1036,20,-1053,4,-798,257,-1071,3,-1042,9,-1060,13,-1020,27,-1043,18,-1027,9,-1055,10,-1020,26,-1029,8,-1032,9,-1050,14,-1048,15,-1033,28,-1056,12,-1020,12,-1046,9,-1002,47,-1044,6,-1058,4,-1065,11,-986,74,-1030,6,-1045,6,-1030,4,-1043,2,-1067,7,-1011,31,-1047,3,-967,91,-1027,5,-1038,25,-1044,16,-993,82,-1089,4,-1052,3,-1060,11,-1022,36,-1035,11,-954,87,-1074,11,-1091,3,-1026,36,-1058,25,-1055,3,-1047,5,-1066,3,-1032,6,-1036,18
63,-1068,8,-1080,4,-1065,4,-1062,5,-1052,3,-950,119,-1063,9,-1068,4,-1040,15,-1042,7,-1052,3,-1082,3,-1055,7,-1030,5,-1051,7,-1048,13,-1049,18,-1050,4,-1071,3,-1032,9,-1067,4,-1055,14,-1044,13,-1033,7,-1050,3,-1054,9,-1061,32,-1037,5,-1070,3,-1039,28,-1058,5,-1038,7,-1051,9,-1055,3,-1057,4,-1071,4,-1046,6,-1038,14,-1061,11,-1024,31,-1016,28,-1051,2,-978,66,-956,111,-1049,17,-1036,16,-1058,14,-1057,5,-1069,3,-1032,26,-1074,6,-1054,15,-1043,4,-1069,12,-1067,9,-1049,2,-1078,3,-1009,49,-1072,6,-1065,6,-1048,5,-1080,4,-1058,9,-1056,7,-1074,4,-1030,18,-952,108,-1059,6,-1068,4,-1071,21,-1069,5,-1061,4,-1036,21,-1055,10,-1061,5,-1041,20,-1067,4,-803,260,-1083,3,-1054,9,-1068,13,-1033,28,-1052,18,-1040,9,-1063,10,-1026,26,-1041,8,-1044,9,-1061,14,-1060,15,-1038,28,-1066,12,-1024,13,-1055,9,-1014,47,-1053,6,-1061,4,-1083,11,-990,75,-1043,6,-1053,6,-1042,4,-1053,3,-1076,7,-1023,31,-1061,3,-973,92,-1040,5,-1053,27,-1054,17,-1001,86,-1096,5,-1059,3,-1068,11,-1032,36,-1043,11,-963,89,-1079,11,-1095,3,-1032,36,-1067,25,-1062,3,-1058,5,-1080,3,-1040,6,-1049,18
64,-1074,8,-1087,4,-1074,4,-1072,5,-1065,3,-960,119,-1072,9,-1071,4,-1050,15,-1051,7,-1061,3,-1089,3,-1071,7,-1043,5,-1064,7,-1060,13,-1057,18,-1058,4,-1080,3,-1039,10,-1070,4,-1066,14,-1055,13,-1043,7,-1062,3,-1066,9,-1070,33,-1050,5,-1082,3,-1048,29,-1072,5,-1047,7,-1061,9,-1062,3,-1064,5,-1080,4,-1062,6,-1045,14,-1070,11,-1029,32,-1029,28,-1066,2,-987,68,-965,112,-1061,17,-1044,16,-1067,14,-1071,5,-1079,3,-1043,26,-1084,6,-1062,15,-1057,4,-1077,12,-1078,9,-1061,2,-1091,3,-1020,50,-1082,6,-1076,6,-1055,5,-1093,5,-1067,9,-1069,7,-1079,4,-1042,18,-960,109,-1071,6,-1076,4,-1079,21,-1077,5,-1075,4,-1045,22,-1063,10,-1067,5,-1048,21,-1075,4,-806,262,-1093,3,-1067,9,-1080,13,-1041,28,-1064,18,-1049,10,-1076,10,-1034,26,-1047,8,-1054,9,-1078,14,-1073,15,-1047,29,-1076,12,-1037,13,-1067,9,-1026,47,-1068,6,-1073,4,-1087,11,-999,75,-1053,6,-1063,6,-1053,4,-1062,3,-1082,7,-1035,33,-1071,3,-980,92,-1050,5,-1058,27,-1061,17,-1009,86,-1104,5,-1069,3,-1074,11,-1047,36,-1054,11,-970,90,-1089,11,-1105,3,-1046,36,-1076,25,-1070,3,-1069,5,-1090,3,-1051,6,-1058,18
65,-1085,8,-1104,4,-1082,4,-1081,5,-1082,3,-972,121,-1080,9,-1082,4,-1055,16,-1062,7,-1068,3,-1095,3,-1077,7,-1054,5,-1072,7,-1073,13,-1066,19,-1065,4,-1091,3,-1046,10,-1079,4,-1077,14,-1063,13,-1052,7,-1070,3,-1077,9,-1074,34,-1059,5,-1092,3,-1056,29,-1083,5,-1065,7,-1067,9,-1076,3,-1077,5,-1088,4,-1068,6,-1062,15,-1081,11,-1044,32,-1039,29,-1081,2,-995,68,-973,112,-1069,17,-1052,16,-1081,14,-1081,5,-1087,3,-1055,26,-1095,6,-1073,15,-1071,4,-1085,12,-1089,9,-1071,2,-1098,3,-1033,50,-1088,6,-1090,6,-1065,5,-1102,5,-1078,9,-1083,7,-1086,4,-1050,18,-967,109,-1078,6,-1084,4,-1086,21,-1084,5,-1085,4,-1054,22,-1072,10,-1076,5,-1058,21,-1085,4,-817,264,-1103,3,-1078,9,-1090,13,-1049,28,-1077,19,-1069,10,-1083,10,-1044,26,-1058,8,-1065,9,-1088,14,-1082,15,-1061,29,-1084,12,-1052,13,-1074,9,-1035,48,-1076,6,-1083,4,-1093,11,-1010,75,-1064,6,-1076,6,-1062,4,-1075,3,-1092,7,-1044,34,-1081,3,-987,92,-1061,6,-1066,29,-1071,17,-1023,86,-1112,5,-1078,3,-1081,11,-1057,37,-1063,11,-980,90,-1096,11,-1113,3,-1052,36,-1079,25,-1083,3,-1078,5,-1099,3,-1064,6,-1068,19
66,-1095,8,-1112,4,-1093,4,-1092,5,-1096,3,-980,121,-1093,9,-1087,4,-1066,16,-1072,7,-1079,3,-1104,3,-1085,7,-1063,5,-1081,7,-1077,13,-1075,20,-1078,4,-1099,3,-1058,10,-1086,4,-1087,14,-1076,13,-1057,7,-1081,3,-1084,9,-1080,34,-1069,5,-1104,3,-1066,29,-1097,5,-1077,7,-1080,9,-1093,3,-1086,5,-1097,4,-1082,6,-1070,15,-1090,11,-1056,32,-1049,29,-1092,2,-1009,69,-980,113,-1077,17,-1059,16,-1089,14,-1088,5,-1101,3,-1067,26,-1100,6,-1083,15,-1087,4,-1098,12,-1098,10,-1082,2,-1101,3,-1038,51,-1095,6,-1103,7,-1078,5,-1108,5,-1088,9,-1093,7,-1099,4,-1059,18,-979,111,-1090,6,-1099,4,-1094,21,-1095,5,-1096,4,-1066,22,-1081,11,-1085,5,-1068,21,-1093,4,-823,265,-1107,3,-1088,9,-1100,13,-1062,28,-1093,20,-1080,10,-1098,10,-1054,26,-1068,8,-1072,9,-1094,14,-1094,15,-1073,30,-1093,12,-1062,13,-1086,9,-1040,48,-1088,7,-1087,4,-1101,11,-1017,77,-1069,6,-1086,6,-1074,4,-1085,3,-1100,7,-1055,34,-1090,3,-994,92,-1070,6,-1076,29,-1082,17,-1028,86,-1119,5,-1092,3,-1092,11,-1069,37,-1070,11,-990,91,-1108,11,-1119,3,-1067,36,-1085,26,-1093,3,-1088,5,-1113,3,-1076,7,-1079,19
67,-1103,8,-1118,4,-1109,4,-1099,5,-1111,3,-983,122,-1104,9,-1105,4,-1072,16,-1084,7,-1089,3,-1114,3,-1097,7,-1079,5,-1090,7,-1082,13,-1085,20,-1093,4,-1112,3,-1069,10,-1096,4,-1094,14,-1085,14,-1070,7,-1088,3,-1099,9,-1085,35,-1078,5,-1112,3,-1074,29,-1104,5,-1090,7,-1090,9,-1102,3,-1093,5,-1107,4,-1093,6,-1087,15,-1102,12,-1063,32,-1065,29,-1103,2,-1018,69,-988,114,-1087,17,-1072,16,-1097,14,-1095,5,-1113,3,-1079,26,-1112,6,-1090,15,-1098,4,-1108,12,-1109,10,-1091,2,-1117,3,-1049,51,-1104,6,-1117,7,-1087,5,-1115,5,-1098,10,-1103,7,-1110,4,-1069,18,-990,114,-1101,6,-1114,4,-1106,21,-1097,5,-1100,4,-1080,22,-1089,11,-1103,5,-1081,22,-1102,4,-829,272,-1114,3,-1099,9,-1109,14,-1070,28,-1102,20,-1086,10,-1110,10,-1061,26,-1077,8,-1080,10,-1101,14,-1098,15,-1082,31,-1105,12,-1071,13,-1103,9,-1049,48,-1094,7,-1102,4,-1110,11,-1025,78,-1079,7,-1099,6,-1085,4,-1093,3,-1104,7,-1061,34,-1098,3,-1002,93,-1076,7,-1083,29,-1097,17,-1035,86,-1125,5,-1101,3,-1101,11,-1079,37,-1083,11,-993,91,-1115,11,-1130,3,-1080,36,-1097,27,-1097,3,-1099,5,-1123,3,-1086,7,-1088,20
68,-1110,8,-1127,4,-1122,4,-1104,5,-1119,3,-997,123,-1114,9,-1117,4,-1081,16,-1095,7,-1099,3,-1125,3,-1105,7,-1092,5,-1100,7,-1091,13,-1093,20,-1102,4,-1119,3,-1081,10,-1111,4,-1097,14,-1095,14,-1075,7,-1101,3,-1111,9,-1095,35,-1088,5,-1117,3,-1083,29,-1115,5,-1099,7,-1099,11,-1104,3,-1102,5,-1120,4,-1105,6,-1097,15,-1112,12,-1076,32,-1081,29,-1113,2,-1023,70,-997,115,-1098,18,-1084,16,-1102,14,-1105,5,-1124,3,-1090,26,-1118,6,-1102,16,-1106,4,-1118,12,-1116,10,-1103,2,-1128,3,-1058,52,-1115,6,-1122,7,-1098,5,-1121,5,-1113,10,-1114,7,-1116,4,-1080,18,-1003,114,-1110,6,-1120,4,-1112,21,-1114,5,-1108,4,-1097,22,-1103,11,-1117,5,-1097,22,-1119,4,-834,273,-1117,3,-1111,9,-1119,14,-1082,29,-1109,20,-1094,10,-1118,10,-1078,27,-1084,8,-1090,10,-1114,14,-1105,15,-1090,31,-1116,12,-1080,13,-1113,9,-1059,48,-1105,7,-1111,4,-1117,12,-1032,78,-1091,7,-1113,6,-1094,4,-1106,3,-1114,7,-1075,35,-1107,3,-1007,95,-1082,7,-1092,29,-1104,17,-1047,86,-1133,5,-1115,3,-1113,11,-1085,37,-1093,11,-1007,94,-1126,11,-1138,3,-1092,36,-1105,28,-1109,3,-1110,5,-1131,3,-1092,7,-1095,20
69,-1122,8,-1136,4,-1133,4,-1113,5,-1129,3,-1005,123,-1123,9,-1124,5,-1092,16,-1117,7,-1114,3,-1138,3,-1114,7,-1100,5,-1107,7,-1103,13,-1105,22,-1113,4,-1130,3,-1094,10,-1119,4,-1104,14,-1099,14,-1089,7,-1115,3,-1122,9,-1106,35,-1102,5,-1127,3,-1088,29,-1126,5,-1109,7,-1106,11,-1118,3,-1112,5,-1134,5,-1116,6,-1105,15,-1116,12,-1083,32,-1093,30,-1119,2,-1032,72,-1007,117,-1106,18,-1093,16,-1110,14,-1117,5,-1136,3,-1096,26,-1128,6,-1109,16,-1118,4,-1125,12,-1128,10,-1114,2,-1134,3,-1064,53,-1127,6,-1134,7,-1112,5,-1129,5,-1126,10,-1126,7,-1129,4,-1084,18,-1011,115,-1118,6,-1133,4,-1119,21,-1124,5,-1111,4,-1108,22,-1115,11,-1122,5,-1108,22,-1125,4,-842,275,-1122,3,-1119,9,-1131,14,-1094,29,-1122,20,-1105,10,-1127,10,-1087,28,-1096,8,-1098,10,-1126,14,-1117,15,-1097,31,-1126,12,-1094,13,-1120,9,-1068,49,-1112,7,-1120,4,-1128,12,-1039,80,-1100,8,-1125,6,-1109,4,-1118,3,-1120,7,-1086,35,-1119,3,-1016,96,-1092,7,-1096,30,-1117,17,-1054,86,-1146,5,-1126,3,-1119,11,-1092,38,-1102,11,-1019,95,-1136,11,-1148,3,-1104,36,-1116,28,-1113,3,-1123,5,-1137,3,-1108,7,-1103,20
70,-1129,8,-1145,4,-1147,4,-1125,5,-1131,3,-1012,123,-1138,9,-1136,5,-1103,16,-1124,7,-1121,3,-1147,3,-1123,7,-1108,5,-1117,8,-1118,13,-1114,24,-1120,4,-1142,3,-1104,10,-1126,4,-1116,14,-1113,14,-1101,7,-1127,3,-1129,9,-1119,35,-1114,5,-1139,3,-1097,30,-1135,5,-1119,7,-1114,11,-1128,3,-1130,5,-1147,5,-1124,6,-1114,16,-1128,12,-1091,33,-1105,30,-1131,2,-1042,72,-1018,117,-1116,18,-1100,16,-1122,14,-1127,5,-1146,3,-1108,26,-1142,6,-1117,16,-1129,4,-1133,13,-1141,10,-1123,2,-1138,3,-1075,53,-1143,6,-1142,7,-1118,5,-1138,5,-1136,10,-1134,7,-1136,4,-1095,18,-1018,117,-1129,6,-1143,4,-1125,21,-1132,5,-1124,4,-1118,22,-1124,11,-1132,5,-1119,22,-1137,4,-847,280,-1132,3,-1133,9,-1135,14,-1098,29,-1129,20,-1113,10,-1135,10,-1093,28,-1105,8,-1110,10,-1135,14,-1126,15,-1110,31,-1140,12,-1101,13,-1132,9,-1076,51,-1124,7,-1128,4,-1141,12,-1045,80,-1112,8,-1131,6,-1117,4,-1128,3,-1132,7,-1095,36,-1133,3,-1025,97,-1106,7,-1108,30,-1122,17,-1060,86,-1157,5,-1132,3,-1129,11,-1098,38,-1108,11,-1029,97,-1145,11,-1160,3,-1122,37,-1124,28,-1124,3,-1132,5,-1146,3,-1119,7,-1118,20
71,-1138,8,-1155,4,-1154,4,-1128,5,-1140,3,-1019,125,-1148,9,-1144,5,-1111,16,-1137,7,-1132,3,-1154,3,-1132,7,-1116,5,-1128,8,-1126,13,-1118,24,-1129,4,-1155,3,-1115,10,-1132,6,-1127,14,-1118,14,-1113,7,-1136,3,-1143,10,-1131,35,-1128,5,-1147,3,-1107,30,-1147,5,-1136,7,-1124,11,-1136,3,-1141,5,-1157,5,-1129,6,-1124,16,-1139,13,-1098,33,-1115,30,-1139,3,-1056,74,-1023,117,-1123,18,-1110,17,-1129,14,-1142,5,-1154,3,-1117,27,-1151,6,-1127,16,-1139,4,-1140,14,-1149,10,-1134,2,-1153,3,-1085,53,-1153,6,-1144,7,-1129,5,-1155,5,-1150,10,-1145,7,-1151,4,-1104,18,-1028,117,-1139,6,-1150,4,-1139,21,-1141,5,-1140,4,-1126,22,-1132,11,-1145,5,-1126,22,-1147,4,-854,284,-1141,3,-1145,9,-1142,14,-1110,29,-1137,20,-1119,10,-1143,10,-1104,28,-1113,8,-1117,10,-1140,15,-1135,15,-1122,31,-1153,12,-1117,13,-1143,9,-1085,51,-1142,7,-1136,4,-1153,12,-1055,80,-1122,8,-1142,6,-1129,4,-1141,3,-1140,7,-1110,36,-1144,3,-1037,97,-1109,7,-1113,30,-1131,17,-1068,88,-1168,5,-1143,3,-1141,12,-1111,39,-1119,12,-1039,98,-1151,11,-1166,3,-1132,37,-1136,28,-1132,3,-1142,5,-1154,3,-1131,7,-1129,20
72,-1144,8,-1161,4,-1164,4,-1146,5,-1152,3,-1027,127,-1158,9,-1155,5,-1123,16,-1146,7,-1141,3,-1165,3,-1144,7,-1132,5,-1141,8,-1137,14,-1128,24,-1144,4,-1162,3,-1123,10,-1146,6,-1144,14,-1127,14,-1129,7,-1143,3,-1153,10,-1139,35,-1140,5,-1164,3,-1118,31,-1160,6,-1149,7,-1138,11,-1150,3,-1150,5,-1165,5,-1138,6,-1133,16,-1143,13,-1105,33,-1124,30,-1146,3,-1061,75,-1032,119,-1139,18,-1120,17,-1139,15,-1152,5,-1166,3,-1133,28,-1158,6,-1135,16,-1144,4,-1150,14,-1153,11,-1145,2,-1163,3,-1098,54,-1160,6,-1154,7,-1138,5,-1163,5,-1153,10,-1158,7,-1166,4,-1112,19,-1034,117,-1154,6,-1153,4,-1149,21,-1151,5,-1151,4,-1134,22,-1144,11,-1161,5,-1134,23,-1155,4,-859,285,-1147,3,-1157,9,-1153,14,-1119,29,-1148,20,-1132,10,-1151,10,-1114,28,-1123,8,-1128,10,-1149,15,-1149,15,-1134,31,-1161,12,-1133,13,-1154,9,-1092,51,-1149,7,-1149,4,-1160,12,-1062,82,-1132,8,-1149,6,-1139,4,-1150,3,-1151,7,-1120,36,-1150,3,-1044,98,-1120,7,-1125,31,-1144,17,-1075,90,-1172,5,-1150,3,-1146,12,-1120,40,-1128,12,-1045,99,-1163,11,-1173,3,-1139,38,-1141,28,-1144,3,-1150,5,-1163,3,-1142,7,-1137,20
73,-1152,9,-1170,4,-1175,4,-1158,5,-1163,3,-1032,129,-1166,9,-1161,5,-1139,16,-1158,7,-1149,3,-1181,3,-1153,7,-1151,5,-1150,8,-1152,14,-1137,25,-1156,4,-1178,3,-1140,10,-1157,7,-1147,14,-1134,14,-1145,7,-1155,3,-1159,10,-1146,35,-1150,5,-1174,3,-1133,31,-1175,6,-1157,7,-1151,11,-1162,3,-1158,5,-1178,5,-1149,6,-1144,16,-1153,13,-1111,34,-1130,30,-1157,3,-1070,76,-1040,119,-1150,18,-1129,17,-1145,15,-1165,5,-1173,3,-1145,29,-1162,6,-1146,16,-1152,4,-1161,14,-1158,11,-1156,2,-1168,3,-1105,54,-1171,6,-1165,7,-1147,5,-1172,5,-1163,11,-1165,7,-1172,4,-1124,19,-1041,120,-1165,6,-1162,4,-1157,21,-1159,5,-1161,4,-1145,22,-1153,11,-1168,5,-1143,24,-1163,4,-866,286,-1153,3,-1169,9,-1162,14,-1128,29,-1160,20,-1144,10,-1163,10,-1129,30,-1135,8,-1143,11,-1160,15,-1160,15,-1143,32,-1172,12,-1145,13,-1166,9,-1106,51,-1157,7,-1159,4,-1170,12,-1072,82,-1142,8,-1156,6,-1149,4,-1157,3,-1159,7,-1125,36,-1157,3,-1054,99,-1139,7,-1131,32,-1146,17,-1080,90,-1178,5,-1161,3,-1154,12,-1133,41,-1140,12,-1049,101,-1169,11,-1180,3,-1146,39,-1152,28,-1152,3,-1165,5,-1173,3,-1154,7,-1149,21
74,-1165,10,-1175,4,-1184,4,-1167,5,-1176,3,-1040,133,-1179,9,-1173,5,-1153,16,-1172,7,-1163,3,-1193,3,-1162,7,-1160,5,-1161,8,-1160,14,-1153,25,-1166,4,-1187,3,-1150,10,-1170,7,-1157,14,-1145,15,-1158,7,-1163,3,-1163,10,-1153,35,-1166,5,-1183,3,-1134,32,-1181,6,-1172,7,-1159,11,-1169,3,-1168,5,-1185,5,-1159,6,-1153,17,-1163,13,-1129,34,-1141,30,-1172,3,-1080,77,-1054,120,-1159,18,-1131,17,-1155,15,-1172,5,-1182,3,-1158,29,-1169,6,-1156,16,-1159,4,-1171,14,-1166,11,-1161,2,-1181,3,-1115,55,-1176,6,-1173,7,-1159,5,-1177,5,-1171,11,-1176,7,-1177,4,-1137,19,-1049,120,-1176,6,-1172,4,-1167,22,-1172,5,-1169,5,-1154,22,-1161,11,-1178,5,-1146,24,-1171,4,-876,290,-1157,3,-1181,9,-1172,14,-1137,29,-1170,20,-1155,10,-1171,10,-1146,30,-1147,8,-1153,12,-1169,15,-1170,15,-1150,32,-1179,13,-1154,13,-1177,9,-1122,51,-1169,7,-1168,4,-1178,12,-1082,83,-1154,8,-1166,6,-1155,4,-1167,3,-1171,7,-1141,36,-1170,3,-1070,100,-1152,7,-1145,32,-1153,17,-1088,92,-1184,5,-1176,3,-1161,12,-1142,42,-1154,12,-1059,102,-1177,11,-1185,3,-1151,40,-1159,28,-1163,3,-1172,5,-1183,3,-1163,7,-1157,21
75,-1172,10,-1186,4,-1194,4,-1174,5,-1189,3,-1048,133,-1188,9,-1183,5,-1168,16,-1182,7,-1177,3,-1200,3,-1176,7,-1168,5,-1170,8,-1172,14,-1166,25,-1177,4,-1196,3,-1162,10,-1174,7,-1166,14,-1154,15,-1172,7,-1175,4,-1170,10,-1164,35,-1175,5,-1197,3,-1145,32,-1191,6,-1186,7,-1171,11,-1181,3,-1181,5,-1195,5,-1167,6,-1163,17,-1174,13,-1135,35,-1150,30,-1180,4,-1090,77,-1071,120,-1176,18,-1142,17,-1165,15,-1183,5,-1191,3,-1168,29,-1178,6,-1165,17,-1173,4,-1187,14,-1177,11,-1175,3,-1185,3,-1123,56,-1183,6,-1183,7,-1166,5,-1189,5,-1178,11,-1183,7,-1184,4,-1151,19,-1062,121,-1188,6,-1178,4,-1180,22,-1186,5,-1177,5,-1163,22,-1170,11,-1186,5,-1154,24,-1180,4,-884,292,-1164,3,-1190,9,-1180,14,-1147,29,-1182,21,-1166,10,-1180,10,-1156,31,-1159,8,-1162,12,-1175,15,-1182,15,-1156,32,-1185,13,-1159,13,-1183,9,-1133,52,-1181,7,-1180,4,-1185,12,-1087,84,-1162,8,-1178,6,-1171,4,-1175,3,-1181,7,-1144,36,-1177,3,-1082,101,-1160,7,-1152,33,-1163,17,-1093,94,-1190,5,-1186,3,-1174,12,-1150,42,-1163,12,-1079,105,-1189,11,-1191,3,-1155,41,-1163,28,-1175,3,-1188,5,-1189,3,-1177,7,-1165,21
76,-1178,10,-1195,4,-1199,4,-1185,5,-1192,3,-1055,135,-1196,9,-1190,5,-1182,16,-1186,7,-1186,3,-1207,3,-1189,7,-1176,5,-1182,8,-1180,14,-1171,25,-1189,4,-1206,3,-1176,10,-1184,7,-1179,14,-1161,16,-1183,7,-1191,4,-1182,10,-1174,35,-1188,5,-1201,3,-1157,32,-1200,6,-1195,7,-1177,11,-1194,4,-1192,5,-1203,5,-1175,6,-1175,17,-1184,13,-1145,36,-1165,30,-1193,4,-1103,77,-1075,123,-1184,18,-1156,17,-1179,15,-1190,5,-1204,3,-1180,29,-1188,6,-1175,17,-1181,4,-1193,14,-1187,11,-1189,3,-1197,3,-1139,56,-1190,6,-1190,7,-1177,5,-1197,5,-1190,11,-1193,7,-1193,4,-1159,19,-1065,121,-1196,6,-1191,4,-1186,22,-1194,5,-1185,5,-1173,22,-1184,11,-1194,5,-1159,25,-1190,4,-895,293,-1178,3,-1198,9,-1186,14,-1170,29,-1197,22,-1173,10,-1195,10,-1164,31,-1165,8,-1172,12,-1188,16,-1190,15,-1165,32,-1189,13,-1167,13,-1198,9,-1147,52,-1189,7,-1187,4,-1195,12,-1094,84,-1179,8,-1191,6,-1187,4,-1188,4,-1197,7,-1156,37,-1189,3,-1092,101,-1175,7,-1161,35,-1168,17,-1103,95,-1201,5,-1193,3,-1188,12,-1157,42,-1170,12,-1084,107,-1196,11,-1200,3,-1165,42,-1168,28,-1186,3,-1196,5,-1197,3,-1189,7,-1170,21
77,-1192,10,-1202,4,-1204,4,-1198,5,-1204,3,-1068,137,-1207,9,-1207,5,-1194,16,-1199,7,-1196,3,-1215,3,-1192,7,-1184,5,-1194,8,-1190,14,-1187,25,-1199,5,-1215,3,-1189,10,-1194,7,-1195,14,-1172,16,-1192,7,-1199,4,-1191,11,-1180,35,-1198,5,-1207,3,-1164,34,-1210,7,-1200,7,-1191,11,-1198,4,-1202,5,-1210,5,-1189,6,-1186,17,-1199,13,-1156,36,-1176,30,-1204,4,-1110,77,-1079,123,-1192,18,-1173,17,-1186,15,-1202,5,-1209,3,-1186,29,-1195,6,-1188,17,-1189,4,-1201,14,-1203,11,-1201,3,-1212,3,-1142,56,-1200,6,-1200,7,-1193,5,-1201,5,-1200,11,-1203,7,-1201,4,-1172,19,-1073,122,-1209,6,-1205,4,-1195,22,-1200,5,-1196,5,-1187,22,-1194,11,-1205,5,-1171,25,-1202,4,-899,295,-1190,3,-1207,9,-1197,14,-1177,29,-1202,22,-1181,10,-1203,10,-1180,31,-1180,8,-1186,12,-1194,16,-1195,15,-1171,32,-1198,13,-1174,13,-1210,9,-1165,52,-1198,7,-1198,4,-1202,12,-1105,84,-1191,8,-1196,6,-1198,4,-1194,4,-1203,7,-1164,37,-1196,3,-1101,102,-1186,7,-1171,35,-1178,17,-1109,95,-1210,6,-1204,3,-1198,12,-1164,42,-1183,12,-1093,109,-1203,11,-1205,3,-1175,42,-1179,28,-1199,3,-1210,5,-1207,3,-1203,7,-1182,21
78,-1202,10,-1220,4,-1215,4,-1210,5,-1211,3,-1075,138,-1211,9,-1219,5,-1205,16,-1212,7,-1211,3,-1224,3,-1200,7,-1201,5,-1206,9,-1199,14,-1196,25,-1208,5,-1222,3,-1198,10,-1206,7,-1204,14,-1191,16,-1205,7,-1205,4,-1201,11,-1187,35,-1203,5,-1212,3,-1177,34,-1215,7,-1209,7,-1201,12,-1210,4,-1212,5,-1219,5,-1197,6,-1195,17,-1204,13,-1164,36,-1191,30,-1209,4,-1123,77,-1089,123,-1203,18,-1186,17,-1193,16,-1211,5,-1215,3,-1190,29,-1200,6,-1201,17,-1206,4,-1211,14,-1213,11,-1210,3,-1221,3,-1151,56,-1215,6,-1205,7,-1200,5,-1209,6,-1209,11,-1212,7,-1216,4,-1190,19,-1082,122,-1221,6,-1215,4,-1203,22,-1214,5,-1205,5,-1198,22,-1205,11,-1210,5,-1181,25,-1217,4,-908,297,-1202,3,-1211,9,-1214,14,-1182,29,-1208,22,-1187,10,-1217,10,-1187,31,-1193,8,-1200,12,-1206,16,-1203,15,-1181,32,-1208,13,-1184,13,-1216,9,-1175,52,-1207,7,-1208,4,-1209,14,-1116,84,-1200,8,-1208,6,-1205,4,-1204,4,-1210,7,-1173,37,-1207,3,-1112,104,-1202,7,-1185,35,-1191,19,-1115,95,-1215,6,-1218,3,-1208,12,-1171,43,-1196,12,-1104,110,-1210,11,-1214,3,-1183,42,-1189,28,-1207,3,-1220,5,-1213,3,-1215,7,-1193,22
79,-1214,10,-1231,4,-1227,4,-1217,5,-1228,3,-1089,141,-1222,9,-1228,5,-1212,16,-1219,7,-1216,3,-1230,3,-1210,7,-1213,5,-1212,10,-1215,14,-1203,26,-1219,5,-1228,3,-1206,10,-1213,7,-1215,14,-1203,16,-1220,7,-1222,4,-1214,11,-1195,35,-1214,5,-1224,3,-1192,35,-1225,7,-1217,7,-1211,12,-1218,4,-1226,5,-1226,5,-1208,6,-1204,18,-1216,13,-1172,37,-1198,30,-1216,4,-1136,79,-1099,126,-1211,18,-1197,17,-1210,16,-1224,5,-1219,3,-1197,29,-1208,6,-1214,17,-1216,4,-1222,14,-1221,11,-1222,3,-1232,3,-1162,56,-1224,6,-1216,7,-1213,5,-1217,6,-1217,11,-1218,7,-1222,4,-1203,19,-1093,124,-1229,6,-1226,4,-1210,22,-1220,5,-1220,5,-1204,22,-1215,11,-1218,5,-1195,25,-1222,4,-923,299,-1211,3,-1222,9,-1221,14,-1196,30,-1217,22,-1198,10,-1225,10,-1197,31,-1199,8,-1211,12,-1216,16,-1211,15,-1189,32,-1220,13,-1196,14,-1225,9,-1185,53,-1214,7,-1217,4,-1220,14,-1127,85,-1211,8,-1218,6,-1215,4,-1216,4,-1216,7,-1181,37,-1216,3,-1121,106,-1211,7,-1189,35,-1205,19,-1124,95,-1229,6,-1231,3,-1214,12,-1180,45,-1206,12,-1115,110,-1218,11,-1219,3,-1195,42,-1204,28,-1217,3,-1229,5,-1221,3,-1222,7,-1194,22
