,n0,p0,n1,p1,n2,p2,n3,p3,n4,p4,n5,p5,n6,p6,n7,p7,n8,p8,n9,p9,n10,p10,n11,p11,n12,p12,n13,p13,n14,p14,n15,p15,n16,p16,n17,p17,n18,p18,n19,p19,n20,p20,n21,p21,n22,p22,n23,p23,n24,p24,n25,p25,n26,p26,n27,p27,n28,p28,n29,p29,n30,p30,n31,p31,n32,p32,n33,p33,n34,p34,n35,p35,n36,p36,n37,p37,n38,p38,n39,p39,n40,p40,n41,p41,n42,p42,n43,p43,n44,p44,n45,p45,n46,p46,n47,p47,n48,p48
0,-194,6,-183,10,-191,2,-197,2,-184,13,-189,10,-90,103,-187,6,-193,5,-190,4,-194,3,-157,39,-181,13,-174,23,-85,112,-193,5,-195,3,-185,6,-196,5,-197,4,-183,15,-180,18,-186,8,-191,8,-181,14,-118,85,-195,3,-197,2,-189,4,-177,19,-181,12,-197,4,-197,4,-188,7,-188,3,-187,5,-196,3,-188,5,-166,33,-192,4,-197,4,-185,12,-193,8,-180,20,-156,42,-196,3,-168,27,-194,4,-200,2
1,-206,6,-187,10,-197,2,-205,2,-194,13,-201,11,-96,107,-199,6,-200,5,-202,4,-204,3,-162,39,-191,15,-179,24,-88,117,-209,5,-211,3,-191,6,-205,5,-207,4,-190,16,-190,19,-195,8,-199,8,-197,14,-120,87,-211,3,-205,2,-196,4,-186,19,-194,12,-205,4,-205,4,-208,8,-196,3,-197,5,-206,3,-193,5,-172,34,-202,4,-204,4,-195,13,-205,8,-186,20,-166,45,-212,3,-178,30,-206,4,-212,2
2,-217,6,-190,10,-211,2,-217,2,-200,13,-211,11,-99,110,-208,6,-216,5,-210,4,-214,4,-172,40,-202,18,-195,24,-96,121,-220,5,-218,3,-203,7,-218,5,-215,4,-198,16,-194,20,-204,8,-211,8,-207,14,-122,89,-218,3,-220,2,-207,4,-192,19,-203,13,-218,4,-210,4,-216,8,-211,3,-212,5,-214,3,-199,5,-183,38,-210,4,-208,4,-205,13,-218,8,-196,20,-176,48,-222,4,-186,32,-211,4,-225,2
3,-226,6,-200,11,-218,2,-222,2,-211,13,-220,11,-103,115,-221,6,-226,5,-225,4,-222,4,-176,43,-216,18,-208,25,-102,123,-230,5,-229,3,-212,7,-227,7,-224,4,-204,17,-206,20,-212,8,-218,8,-217,14,-128,94,-232,3,-224,2,-221,4,-205,19,-216,13,-227,4,-217,4,-227,8,-225,3,-220,5,-224,4,-210,5,-192,39,-223,4,-222,4,-221,13,-222,8,-204,22,-186,49,-227,4,-196,33,-213,5,-234,2
4,-233,6,-208,11,-222,2,-229,2,-220,14,-225,11,-106,119,-227,6,-244,5,-236,5,-232,4,-186,47,-228,19,-218,25,-111,128,-242,6,-239,3,-221,7,-234,7,-229,4,-215,18,-222,20,-224,9,-227,9,-234,15,-134,94,-247,3,-238,2,-228,4,-218,19,-223,13,-232,4,-231,5,-229,8,-238,3,-228,5,-237,5,-220,5,-201,43,-229,4,-231,4,-231,13,-232,8,-213,24,-191,50,-237,4,-205,34,-222,5,-243,2
5,-239,6,-217,11,-232,2,-233,2,-228,14,-230,11,-109,123,-235,7,-255,5,-245,5,-239,4,-191,52,-241,20,-225,25,-118,134,-254,6,-247,3,-234,7,-242,7,-235,4,-220,18,-229,20,-236,9,-241,9,-245,15,-144,101,-257,4,-254,2,-237,4,-227,21,-232,14,-240,4,-244,5,-241,8,-251,3,-236,5,-247,5,-236,5,-209,46,-241,4,-239,4,-242,14,-239,9,-217,26,-197,52,-243,4,-216,37,-231,5,-260,2
6,-254,6,-222,11,-240,2,-245,2,-242,14,-244,11,-115,132,-247,7,-262,5,-254,5,-254,4,-197,59,-248,22,-236,26,-124,137,-264,6,-261,3,-239,7,-252,7,-245,4,-227,19,-239,22,-247,10,-254,11,-259,16,-149,106,-262,4,-264,2,-247,4,-239,21,-241,16,-244,5,-247,5,-254,8,-272,3,-241,5,-257,5,-244,5,-223,47,-246,4,-246,6,-250,14,-242,12,-223,26,-207,55,-249,4,-219,37,-242,5,-265,2
7,-262,6,-231,11,-248,2,-252,3,-251,16,-256,11,-123,136,-254,7,-272,5,-264,5,-269,4,-201,64,-257,22,-249,27,-132,141,-274,7,-271,3,-252,7,-262,8,-256,5,-234,20,-246,23,-253,10,-263,11,-274,18,-152,114,-269,4,-270,2,-256,4,-248,21,-249,17,-254,5,-251,5,-258,8,-277,3,-255,5,-272,5,-254,5,-230,47,-252,4,-258,6,-259,15,-254,12,-236,28,-214,58,-258,4,-231,37,-251,5,-281,2
8,-269,6,-244,13,-258,2,-259,4,-258,18,-261,11,-129,139,-265,7,-283,5,-281,5,-277,4,-206,67,-267,22,-256,27,-134,151,-286,7,-283,3,-268,7,-276,8,-266,5,-245,22,-254,24,-258,10,-271,12,-286,19,-159,116,-278,4,-279,2,-267,4,-258,23,-260,18,-267,5,-259,5,-266,8,-284,3,-267,6,-283,5,-264,5,-239,47,-263,5,-263,6,-267,15,-263,12,-246,28,-219,60,-270,4,-241,38,-260,5,-287,2
9,-284,6,-258,15,-267,2,-265,4,-267,18,-270,11,-130,145,-275,8,-292,5,-297,5,-288,4,-214,69,-276,23,-263,28,-140,153,-302,7,-294,3,-273,7,-285,8,-276,5,-254,22,-263,26,-261,10,-285,12,-296,19,-168,120,-287,4,-291,2,-277,5,-268,23,-272,19,-279,5,-269,5,-277,8,-293,3,-274,6,-293,5,-272,5,-245,48,-272,5,-273,6,-276,16,-273,12,-258,28,-227,61,-279,4,-247,40,-268,5,-298,2
10,-294,6,-268,15,-278,2,-272,4,-276,19,-279,12,-134,151,-283,9,-298,5,-312,5,-295,4,-222,74,-285,24,-271,28,-145,161,-311,7,-303,3,-281,7,-292,8,-282,5,-263,23,-272,28,-279,11,-297,13,-305,19,-173,127,-300,4,-304,2,-284,5,-280,23,-281,19,-289,5,-278,5,-282,8,-307,3,-288,6,-302,5,-280,5,-255,50,-279,5,-282,7,-283,16,-281,13,-269,28,-238,61,-288,4,-254,41,-276,5,-311,2
11,-300,6,-280,15,-291,2,-283,4,-288,19,-288,12,-141,156,-293,10,-308,5,-319,5,-305,4,-229,76,-297,24,-280,28,-147,167,-319,7,-317,3,-287,7,-300,8,-296,5,-271,25,-288,28,-288,12,-311,14,-315,20,-179,130,-313,4,-312,2,-295,5,-288,25,-290,19,-296,5,-285,5,-291,8,-312,3,-306,6,-307,5,-291,5,-265,50,-290,5,-287,7,-290,16,-293,13,-277,29,-246,62,-301,4,-260,41,-288,5,-322,2
12,-312,6,-289,15,-300,2,-293,4,-302,19,-295,13,-148,163,-308,10,-321,5,-330,5,-312,4,-236,76,-302,24,-289,28,-153,172,-330,7,-324,3,-294,7,-309,8,-308,5,-279,26,-298,31,-296,12,-319,14,-324,22,-184,135,-322,4,-320,3,-305,5,-298,25,-296,19,-303,5,-295,6,-304,8,-318,3,-313,6,-316,5,-301,5,-271,51,-300,5,-301,7,-299,16,-302,13,-284,31,-258,66,-315,5,-272,42,-300,5,-332,2
13,-327,6,-301,16,-311,2,-304,4,-307,21,-302,13,-154,170,-318,10,-335,5,-335,5,-321,4,-242,78,-314,24,-294,28,-158,174,-343,7,-334,3,-305,7,-318,8,-318,5,-287,27,-306,34,-309,12,-334,14,-332,22,-191,139,-333,4,-329,3,-311,5,-305,25,-304,19,-309,5,-303,6,-316,8,-332,3,-324,6,-326,5,-305,5,-280,53,-306,5,-310,7,-307,17,-315,14,-296,31,-267,68,-319,5,-285,45,-310,5,-347,2
14,-339,6,-307,16,-320,2,-311,4,-320,21,-313,13,-155,177,-327,11,-342,5,-344,5,-326,4,-251,81,-326,25,-301,28,-166,179,-352,7,-341,3,-310,7,-329,8,-334,5,-291,28,-316,38,-319,14,-344,16,-341,23,-195,141,-338,4,-334,3,-319,5,-317,25,-307,19,-322,5,-320,6,-329,8,-345,3,-332,7,-339,5,-318,5,-289,53,-318,5,-320,7,-318,17,-327,14,-303,32,-280,70,-334,5,-295,46,-318,5,-353,2
15,-352,6,-321,16,-330,2,-322,4,-329,22,-326,13,-158,183,-339,11,-354,5,-352,5,-339,4,-261,85,-338,25,-306,29,-172,181,-359,7,-347,3,-324,7,-338,8,-341,5,-304,28,-320,38,-327,14,-352,16,-354,23,-201,144,-347,4,-346,3,-337,5,-319,25,-317,20,-334,5,-333,6,-335,8,-355,3,-344,7,-345,5,-331,5,-299,54,-327,5,-330,7,-331,17,-337,14,-313,33,-286,74,-339,5,-299,47,-324,5,-366,2
16,-364,7,-326,16,-337,2,-329,4,-338,24,-336,13,-159,186,-346,11,-361,5,-360,5,-346,4,-264,86,-347,25,-319,30,-178,186,-366,7,-352,3,-329,7,-348,8,-353,5,-317,29,-326,38,-337,14,-365,16,-361,24,-212,148,-359,4,-357,3,-349,5,-332,27,-329,20,-341,5,-338,6,-339,8,-365,3,-362,7,-356,5,-344,5,-308,56,-340,5,-341,7,-344,17,-346,14,-322,33,-302,76,-346,5,-306,48,-342,5,-380,2
17,-372,8,-338,16,-350,2,-345,4,-346,25,-348,14,-163,194,-355,11,-368,5,-367,5,-356,4,-272,91,-356,26,-323,30,-183,190,-377,7,-365,3,-341,7,-355,8,-357,5,-331,29,-339,38,-350,14,-372,16,-371,24,-217,154,-364,4,-369,3,-353,5,-339,29,-335,20,-354,5,-346,6,-348,8,-373,3,-371,7,-367,6,-355,5,-313,56,-353,5,-347,7,-354,17,-358,14,-332,36,-311,78,-360,5,-314,48,-354,5,-392,2
18,-387,8,-348,16,-359,2,-357,4,-358,26,-357,14,-170,201,-367,11,-384,5,-376,5,-366,4,-276,94,-367,26,-332,30,-184,192,-383,7,-383,3,-350,7,-363,8,-374,5,-343,30,-345,39,-360,16,-381,17,-377,24,-222,160,-377,4,-377,3,-360,5,-347,29,-345,20,-367,5,-355,6,-355,8,-380,3,-381,7,-378,9,-363,5,-323,57,-361,5,-358,7,-366,18,-364,14,-341,36,-315,78,-370,5,-321,48,-366,5,-401,2
19,-404,8,-360,16,-370,2,-363,5,-369,26,-363,14,-171,204,-378,11,-394,5,-385,5,-374,4,-287,96,-376,26,-342,31,-189,196,-397,7,-394,3,-357,7,-372,8,-385,5,-359,31,-350,40,-366,16,-383,17,-388,25,-231,164,-390,4,-384,3,-368,5,-359,30,-358,20,-375,5,-360,6,-364,8,-393,3,-395,7,-386,10,-376,5,-332,57,-369,5,-370,8,-381,18,-371,14,-351,36,-320,79,-381,5,-326,49,-377,5,-414,2
20,-417,8,-368,16,-381,2,-375,5,-377,26,-373,15,-180,209,-387,12,-403,5,-392,5,-384,4,-297,101,-384,26,-347,31,-196,205,-408,7,-401,3,-364,7,-381,8,-395,5,-372,31,-361,44,-373,17,-393,17,-399,25,-236,169,-404,4,-388,3,-378,5,-368,31,-367,20,-387,5,-370,6,-375,8,-401,3,-409,7,-393,10,-385,5,-340,58,-377,6,-382,8,-392,18,-380,14,-354,36,-328,81,-392,5,-335,49,-387,5,-425,2
21,-426,8,-372,16,-396,2,-384,5,-390,27,-381,16,-183,216,-394,12,-412,5,-411,5,-397,4,-309,105,-390,26,-353,31,-201,208,-421,8,-413,3,-371,7,-391,8,-400,6,-383,31,-371,45,-379,17,-400,17,-412,25,-243,177,-412,4,-402,3,-387,5,-380,32,-376,20,-400,5,-377,6,-384,8,-413,3,-413,7,-399,10,-389,5,-351,60,-390,6,-391,8,-400,18,-387,14,-362,37,-343,83,-401,5,-344,51,-393,5,-439,2
22,-439,8,-382,17,-406,2,-391,5,-400,27,-398,16,-184,219,-412,12,-421,6,-423,5,-408,4,-313,112,-406,26,-358,32,-207,211,-431,8,-424,3,-376,7,-399,8,-411,6,-393,32,-383,48,-388,17,-407,17,-422,25,-251,183,-419,4,-411,3,-397,5,-386,32,-380,20,-407,5,-385,6,-389,8,-416,3,-425,7,-407,10,-396,5,-362,62,-403,7,-401,8,-414,18,-397,14,-373,37,-354,85,-415,5,-354,51,-407,5,-444,2
23,-446,8,-392,17,-412,2,-405,5,-408,27,-414,19,-185,225,-423,12,-432,6,-430,5,-420,4,-320,113,-418,26,-366,32,-214,215,-444,8,-431,3,-389,8,-410,8,-421,6,-402,32,-396,49,-405,17,-413,17,-429,25,-255,188,-429,4,-428,3,-411,5,-394,32,-384,20,-417,5,-394,6,-397,8,-420,3,-431,7,-423,10,-404,5,-365,63,-418,7,-412,8,-418,18,-409,14,-384,38,-360,86,-423,5,-371,52,-411,5,-457,2
24,-455,8,-408,17,-416,2,-416,5,-416,28,-424,19,-188,229,-431,12,-441,6,-440,5,-427,4,-323,116,-431,29,-377,33,-218,216,-452,8,-441,3,-406,8,-418,8,-436,6,-410,32,-400,51,-413,17,-424,18,-437,25,-259,191,-442,4,-437,3,-421,5,-402,33,-388,20,-435,5,-401,6,-409,8,-434,3,-441,7,-433,10,-409,5,-374,64,-427,7,-430,8,-434,18,-417,14,-395,39,-372,88,-430,5,-377,53,-419,5,-471,2
25,-462,8,-418,18,-423,2,-424,5,-430,28,-434,20,-198,239,-443,12,-450,6,-447,5,-441,4,-327,118,-441,32,-389,34,-219,219,-458,8,-449,3,-420,9,-429,8,-446,6,-416,32,-407,53,-421,17,-434,18,-446,26,-266,194,-460,4,-445,3,-431,5,-411,34,-393,20,-448,5,-409,6,-419,8,-445,3,-452,7,-444,10,-416,5,-382,65,-440,7,-444,8,-444,18,-428,15,-404,39,-382,90,-442,5,-381,54,-425,5,-478,2
26,-472,8,-432,19,-431,2,-429,5,-439,29,-450,20,-199,243,-454,12,-460,6,-458,5,-455,4,-334,120,-454,33,-397,37,-226,226,-468,8,-459,3,-432,9,-436,8,-460,7,-425,32,-413,53,-429,17,-442,18,-453,26,-270,196,-473,5,-455,3,-439,5,-423,34,-405,20,-463,5,-423,7,-427,8,-449,3,-465,7,-454,10,-422,5,-393,66,-450,7,-455,9,-452,18,-437,15,-412,40,-387,92,-451,5,-387,54,-433,5,-490,2
27,-481,8,-442,19,-445,2,-433,5,-453,29,-464,20,-205,248,-461,12,-464,6,-471,5,-466,4,-338,122,-461,34,-408,38,-232,232,-481,8,-467,3,-440,9,-448,8,-470,7,-443,34,-418,54,-440,17,-449,18,-459,26,-273,201,-487,5,-465,3,-446,5,-433,35,-418,20,-470,5,-433,7,-441,8,-460,3,-477,7,-461,10,-435,5,-402,69,-462,7,-458,9,-456,18,-448,15,-423,41,-398,92,-459,5,-398,56,-441,5,-499,2
28,-491,8,-450,19,-459,2,-445,5,-465,29,-473,21,-209,251,-470,12,-468,6,-483,5,-475,4,-341,124,-469,37,-422,38,-235,234,-492,9,-481,3,-449,9,-457,8,-480,7,-451,34,-425,56,-445,17,-461,18,-470,26,-281,210,-498,5,-477,3,-457,5,-445,36,-424,21,-478,5,-447,7,-451,8,-470,3,-485,7,-469,10,-441,5,-410,70,-472,7,-470,9,-465,18,-458,18,-433,42,-408,94,-468,5,-404,57,-455,5,-507,2
29,-497,8,-458,19,-476,2,-455,5,-475,31,-483,21,-216,255,-481,12,-483,6,-491,5,-487,4,-348,126,-477,37,-434,39,-241,238,-504,9,-486,3,-461,9,-470,8,-495,7,-455,34,-434,57,-452,17,-470,19,-482,26,-289,211,-506,5,-489,3,-468,5,-454,37,-431,22,-482,5,-460,7,-456,9,-482,3,-498,7,-475,10,-451,5,-415,73,-480,7,-485,9,-470,18,-464,19,-442,42,-418,94,-478,5,-417,58,-463,6,-520,2
30,-502,9,-473,19,-490,2,-462,5,-488,31,-490,21,-220,262,-491,12,-493,6,-508,5,-494,4,-356,130,-485,38,-444,42,-246,244,-513,9,-495,3,-467,9,-479,8,-502,7,-462,34,-439,57,-460,19,-472,20,-487,26,-294,214,-518,5,-502,3,-484,5,-456,37,-442,22,-500,5,-468,7,-467,9,-490,3,-510,7,-490,10,-467,5,-422,75,-486,7,-496,9,-476,18,-477,19,-446,43,-428,96,-492,5,-423,62,-472,6,-533,2
31,-506,9,-485,19,-502,2,-466,5,-494,32,-501,23,-224,265,-497,12,-499,6,-520,5,-505,4,-359,137,-497,38,-455,45,-254,249,-524,9,-505,4,-476,9,-487,9,-511,7,-474,35,-444,58,-468,19,-485,20,-496,26,-300,216,-527,5,-514,3,-491,5,-466,38,-454,23,-516,5,-477,7,-479,9,-499,3,-519,7,-503,10,-479,5,-426,75,-494,7,-505,9,-490,18,-486,20,-451,43,-439,96,-508,5,-432,66,-480,6,-544,2
32,-516,9,-490,19,-507,2,-475,5,-502,33,-514,24,-227,268,-503,14,-507,6,-528,6,-507,4,-364,141,-505,38,-466,48,-263,257,-530,9,-516,4,-491,10,-497,9,-517,7,-480,37,-449,58,-483,19,-496,20,-505,26,-306,226,-544,5,-525,3,-497,6,-472,38,-466,23,-524,5,-486,7,-485,9,-512,3,-534,7,-514,12,-491,5,-435,77,-509,7,-519,9,-493,19,-504,20,-456,44,-446,98,-519,5,-443,66,-485,6,-555,2
33,-527,10,-509,19,-524,2,-484,6,-514,33,-522,24,-237,272,-510,14,-519,6,-534,6,-513,4,-368,143,-513,38,-479,49,-272,259,-537,9,-521,4,-503,11,-502,9,-524,7,-491,37,-457,59,-494,20,-511,21,-512,27,-311,229,-552,5,-534,3,-505,6,-482,40,-481,23,-532,5,-498,7,-497,9,-519,3,-540,7,-522,12,-504,5,-441,77,-517,7,-529,9,-504,21,-513,22,-466,45,-451,100,-535,5,-448,68,-494,6,-566,2
34,-534,10,-518,19,-539,3,-499,6,-522,33,-526,24,-245,276,-528,15,-531,6,-542,6,-523,4,-373,144,-522,39,-492,50,-274,261,-549,9,-529,4,-514,11,-512,9,-535,7,-501,38,-463,61,-500,20,-518,21,-527,27,-317,229,-565,5,-544,3,-512,7,-494,41,-490,23,-544,5,-508,7,-504,9,-531,3,-551,7,-528,12,-512,5,-451,77,-524,7,-540,9,-516,21,-523,23,-474,45,-459,101,-545,5,-460,69,-506,6,-575,2
35,-553,11,-526,19,-544,3,-503,6,-533,34,-534,24,-249,282,-535,16,-539,6,-549,6,-534,4,-381,151,-529,40,-505,50,-281,269,-562,10,-540,4,-526,11,-525,9,-541,7,-506,38,-471,62,-510,20,-525,21,-536,27,-323,233,-568,5,-557,3,-523,7,-506,41,-494,24,-554,5,-518,7,-516,9,-539,4,-562,7,-534,14,-516,5,-462,78,-536,8,-547,9,-532,21,-535,23,-485,46,-470,103,-555,5,-469,71,-516,6,-583,2
36,-562,11,-533,19,-549,3,-513,6,-542,36,-546,24,-256,294,-546,16,-553,6,-558,6,-540,4,-386,153,-536,41,-511,54,-285,271,-570,10,-548,4,-531,11,-537,9,-547,7,-516,38,-482,63,-525,20,-532,22,-543,28,-330,236,-579,5,-569,3,-535,7,-514,42,-505,25,-565,5,-529,7,-523,9,-554,4,-571,7,-543,14,-529,5,-473,80,-544,8,-560,9,-539,21,-544,24,-496,46,-483,104,-562,5,-478,73,-525,7,-592,2
37,-570,12,-548,19,-558,3,-522,6,-552,36,-548,25,-263,300,-553,16,-564,6,-569,6,-549,4,-392,156,-544,42,-523,56,-290,278,-578,10,-559,4,-540,11,-545,9,-557,7,-523,38,-493,63,-539,20,-539,22,-556,28,-335,239,-584,5,-579,3,-543,7,-525,42,-518,25,-575,5,-536,7,-533,9,-566,4,-575,7,-551,14,-546,5,-487,83,-559,8,-570,9,-544,21,-554,25,-502,46,-487,106,-573,5,-488,75,-535,7,-608,2
38,-588,12,-554,20,-568,3,-532,6,-563,36,-559,25,-266,302,-565,16,-573,6,-588,6,-561,4,-396,162,-552,42,-529,57,-292,287,-592,10,-566,4,-551,11,-565,9,-567,7,-533,39,-498,65,-547,20,-542,23,-571,29,-338,245,-590,5,-590,3,-550,7,-533,43,-529,25,-581,5,-544,8,-539,10,-573,4,-589,7,-562,14,-558,6,-494,84,-568,8,-581,9,-550,21,-562,26,-508,46,-494,106,-586,5,-496,77,-550,7,-616,2
39,-596,12,-559,21,-579,3,-543,6,-574,36,-568,25,-270,314,-572,16,-579,6,-592,6,-569,4,-401,166,-560,42,-545,57,-296,292,-602,10,-577,4,-557,12,-575,10,-579,7,-543,40,-510,65,-553,20,-551,23,-581,31,-345,249,-600,5,-602,3,-558,7,-546,45,-540,25,-589,5,-561,8,-552,10,-583,4,-597,7,-579,15,-564,6,-506,86,-572,8,-591,9,-562,21,-572,26,-514,46,-501,107,-593,5,-503,78,-561,7,-629,2
40,-605,12,-570,21,-590,3,-553,6,-584,36,-577,25,-273,322,-579,16,-588,6,-599,6,-582,4,-407,169,-568,42,-555,58,-298,295,-616,11,-585,4,-568,12,-585,10,-588,7,-547,40,-518,65,-563,20,-559,24,-597,33,-356,258,-608,5,-613,3,-566,7,-556,47,-554,25,-606,5,-565,8,-560,10,-592,4,-607,7,-589,16,-572,6,-516,90,-582,8,-595,9,-570,21,-585,26,-524,46,-508,109,-604,5,-511,79,-569,7,-641,2
41,-616,12,-579,21,-603,3,-566,6,-592,37,-587,25,-276,329,-589,16,-602,6,-606,6,-591,4,-412,174,-572,43,-565,59,-302,301,-625,11,-591,4,-574,12,-594,10,-595,7,-553,40,-527,66,-573,20,-576,25,-606,33,-361,263,-624,5,-625,3,-582,7,-565,47,-566,25,-615,5,-578,9,-573,10,-597,4,-619,7,-599,16,-585,6,-522,94,-596,8,-599,9,-582,21,-593,27,-530,48,-520,109,-610,5,-519,79,-575,7,-650,2
42,-621,12,-588,25,-612,3,-575,6,-606,37,-598,25,-282,336,-594,16,-619,6,-611,6,-602,4,-421,177,-582,46,-569,59,-307,305,-635,11,-600,4,-585,12,-599,10,-607,7,-561,40,-537,69,-579,20,-582,25,-612,33,-369,268,-633,5,-633,3,-588,7,-578,49,-578,27,-624,5,-584,9,-582,10,-611,4,-633,7,-613,16,-593,6,-529,95,-608,8,-608,10,-593,21,-607,28,-540,49,-531,111,-616,5,-528,81,-586,7,-657,2
43,-633,12,-595,25,-623,3,-588,6,-614,37,-606,25,-287,338,-602,16,-626,6,-619,6,-611,4,-430,181,-593,46,-575,60,-315,308,-649,11,-608,4,-596,12,-609,10,-613,7,-567,41,-546,69,-593,20,-594,25,-623,33,-379,270,-642,6,-645,3,-601,7,-588,50,-593,27,-631,5,-593,9,-589,10,-630,4,-641,7,-629,16,-600,6,-537,97,-620,8,-615,11,-602,21,-621,28,-550,49,-533,111,-625,5,-538,84,-594,7,-664,2
44,-639,13,-604,25,-626,3,-594,6,-625,37,-617,25,-291,340,-610,16,-635,6,-626,6,-624,4,-436,184,-604,47,-583,61,-328,311,-661,11,-618,4,-612,12,-616,10,-624,7,-573,41,-555,69,-600,21,-603,25,-637,33,-385,276,-655,6,-651,3,-616,7,-591,50,-607,27,-639,5,-604,9,-601,10,-641,4,-655,7,-641,16,-604,6,-549,98,-629,8,-621,11,-618,21,-634,29,-561,49,-540,113,-633,5,-546,88,-604,7,-673,2
45,-649,13,-614,25,-636,3,-607,6,-633,40,-626,25,-298,348,-626,17,-643,6,-632,6,-632,4,-445,190,-616,47,-594,65,-334,317,-669,11,-621,4,-616,12,-630,10,-634,7,-578,41,-571,70,-607,21,-612,26,-644,34,-390,280,-666,6,-660,3,-625,7,-601,51,-614,27,-649,5,-613,9,-609,10,-649,4,-661,7,-658,16,-613,6,-558,102,-640,8,-633,11,-633,21,-649,31,-566,49,-546,114,-639,6,-552,88,-614,7,-680,2
46,-658,13,-625,25,-650,3,-618,6,-646,40,-635,25,-304,352,-637,17,-656,6,-643,6,-646,4,-453,191,-624,50,-598,67,-338,326,-673,12,-631,4,-628,12,-643,10,-640,7,-584,41,-578,72,-614,21,-618,26,-650,34,-396,287,-678,6,-669,3,-636,8,-606,52,-623,28,-659,5,-626,9,-621,10,-657,4,-677,7,-667,16,-621,6,-567,103,-654,8,-639,11,-647,21,-654,32,-574,50,-554,115,-649,6,-567,89,-621,7,-686,2
47,-669,13,-635,25,-659,3,-641,6,-660,41,-649,25,-306,359,-644,17,-663,6,-657,6,-655,4,-459,194,-631,50,-602,69,-342,332,-680,12,-641,4,-637,12,-649,10,-647,7,-595,42,-586,75,-626,21,-625,26,-662,34,-401,290,-693,6,-678,3,-643,9,-619,53,-634,29,-665,5,-635,9,-631,10,-668,4,-684,7,-676,17,-628,6,-570,104,-661,8,-653,11,-657,21,-668,32,-582,50,-563,116,-658,6,-577,92,-633,7,-696,2
48,-680,13,-641,25,-672,3,-653,6,-668,42,-663,26,-309,362,-655,17,-676,6,-662,6,-664,4,-466,197,-638,50,-611,70,-347,337,-686,12,-651,4,-646,12,-654,10,-655,7,-597,42,-595,75,-643,22,-635,26,-675,34,-411,293,-703,6,-684,3,-654,9,-628,53,-645,29,-676,5,-646,9,-638,10,-681,4,-693,7,-685,17,-638,6,-579,106,-675,8,-665,11,-666,21,-678,32,-592,52,-571,116,-664,6,-589,94,-652,7,-704,2
49,-693,13,-654,26,-681,3,-659,6,-677,42,-672,26,-311,364,-671,17,-685,6,-670,6,-676,4,-477,198,-647,51,-621,70,-355,341,-695,12,-665,4,-655,12,-663,11,-662,7,-606,42,-605,77,-647,23,-645,26,-686,35,-419,294,-710,6,-700,3,-672,9,-644,55,-657,29,-680,5,-654,9,-647,10,-687,4,-697,7,-691,17,-647,7,-588,107,-686,8,-675,11,-678,21,-682,32,-602,52,-581,118,-675,6,-599,98,-659,7,-716,2
50,-701,13,-660,26,-688,3,-666,7,-688,42,-682,27,-318,369,-675,17,-693,6,-680,6,-686,4,-482,205,-665,51,-629,70,-361,346,-703,12,-680,4,-667,12,-672,11,-672,7,-619,46,-617,80,-656,24,-650,26,-694,36,-427,297,-721,7,-709,3,-684,9,-656,55,-670,29,-689,5,-660,10,-658,10,-697,4,-708,7,-699,17,-653,7,-597,107,-695,8,-684,11,-694,21,-691,32,-612,52,-588,118,-683,7,-605,98,-665,7,-731,2
51,-710,13,-676,26,-697,3,-677,7,-695,42,-694,27,-321,372,-683,17,-705,6,-690,6,-694,4,-493,208,-674,53,-634,71,-368,349,-714,12,-688,5,-676,12,-684,12,-679,7,-627,46,-630,80,-666,24,-662,26,-704,37,-431,303,-725,7,-720,3,-694,9,-662,56,-684,30,-698,5,-667,10,-667,10,-707,4,-717,7,-716,17,-666,7,-605,108,-703,8,-698,11,-700,21,-700,32,-621,52,-594,119,-695,7,-614,99,-675,7,-744,2
52,-725,13,-686,26,-703,3,-691,7,-705,42,-708,28,-324,377,-693,17,-710,6,-694,6,-701,4,-496,210,-684,54,-647,71,-370,354,-723,12,-699,5,-692,12,-690,12,-689,7,-636,47,-643,81,-674,24,-674,27,-718,37,-435,312,-733,7,-733,3,-704,9,-674,56,-692,30,-707,5,-678,10,-679,10,-717,4,-724,7,-727,17,-675,7,-611,109,-723,8,-709,11,-706,21,-704,32,-630,52,-604,120,-702,7,-625,100,-686,7,-752,2
53,-733,14,-703,26,-712,3,-701,7,-712,42,-712,28,-335,382,-703,17,-719,6,-706,6,-710,4,-504,211,-692,54,-658,71,-373,361,-731,12,-705,5,-700,12,-701,12,-701,7,-652,49,-659,82,-681,24,-679,27,-727,39,-441,322,-745,7,-744,3,-716,9,-683,57,-696,30,-717,5,-684,10,-689,10,-728,4,-738,7,-738,17,-684,7,-618,113,-730,8,-719,11,-712,21,-715,32,-639,52,-610,120,-711,7,-634,100,-695,7,-766,2
54,-749,14,-714,26,-724,3,-712,7,-723,42,-731,28,-337,386,-712,18,-726,6,-719,7,-717,4,-509,217,-699,54,-670,72,-379,367,-739,12,-715,5,-711,12,-712,12,-714,7,-656,50,-672,83,-687,25,-684,27,-739,39,-449,326,-752,7,-752,3,-726,9,-688,57,-710,30,-726,5,-698,10,-697,10,-740,4,-746,7,-748,17,-691,7,-630,115,-738,8,-727,11,-720,21,-723,32,-646,52,-619,120,-719,7,-647,102,-708,7,-771,2
55,-761,15,-726,26,-736,3,-725,7,-732,47,-738,29,-341,393,-718,18,-737,6,-726,8,-727,4,-515,218,-711,56,-674,73,-387,373,-753,12,-727,5,-719,12,-724,13,-722,7,-664,51,-683,83,-697,25,-688,27,-748,39,-453,331,-762,7,-760,3,-733,9,-694,58,-716,30,-735,5,-706,10,-712,10,-750,4,-759,7,-759,18,-700,7,-635,116,-749,8,-732,11,-731,21,-733,33,-655,53,-624,122,-730,7,-658,105,-719,7,-785,2
56,-767,15,-736,27,-749,3,-734,7,-746,48,-740,29,-343,397,-730,18,-756,6,-740,8,-736,4,-520,219,-721,56,-685,74,-389,376,-760,12,-734,5,-724,12,-732,13,-738,7,-673,52,-691,83,-705,25,-694,28,-757,39,-460,335,-772,7,-773,3,-742,9,-700,58,-723,31,-751,5,-714,10,-724,10,-765,4,-774,7,-767,19,-706,7,-646,119,-762,8,-742,11,-739,21,-739,34,-663,54,-632,124,-746,7,-669,105,-729,7,-795,2
57,-779,15,-744,27,-753,3,-744,7,-761,49,-742,29,-344,400,-745,18,-764,6,-750,8,-743,4,-530,226,-731,59,-691,76,-390,380,-771,12,-750,5,-731,12,-743,13,-747,7,-687,53,-699,84,-715,27,-703,29,-765,39,-468,337,-790,7,-786,3,-747,9,-707,59,-727,32,-758,5,-726,10,-737,10,-774,4,-786,7,-777,19,-716,7,-654,120,-773,8,-753,11,-749,22,-750,35,-670,54,-636,125,-757,7,-673,108,-735,7,-816,2
58,-787,15,-751,27,-768,3,-753,8,-774,50,-751,29,-349,404,-755,18,-775,6,-754,8,-752,4,-536,235,-735,59,-704,77,-400,385,-788,12,-760,5,-738,12,-750,13,-759,7,-698,56,-707,87,-722,27,-717,30,-771,39,-476,339,-799,7,-792,3,-755,9,-715,59,-735,33,-772,5,-736,10,-746,10,-781,4,-795,7,-793,19,-722,7,-659,121,-780,8,-759,11,-765,23,-759,35,-680,55,-641,128,-772,7,-687,109,-741,8,-824,2
59,-797,15,-755,27,-776,3,-764,8,-782,51,-763,30,-358,411,-766,18,-784,6,-764,8,-764,4,-540,241,-743,59,-712,79,-403,387,-803,12,-764,5,-754,12,-757,13,-767,7,-710,57,-718,88,-729,27,-731,30,-781,39,-482,339,-808,7,-794,3,-762,9,-721,60,-743,34,-784,5,-750,10,-759,10,-785,4,-806,8,-800,19,-736,7,-671,122,-795,8,-768,11,-777,23,-767,35,-688,60,-650,130,-790,7,-693,111,-749,8,-831,2
60,-811,15,-766,27,-784,3,-772,8,-793,52,-772,30,-358,418,-773,18,-793,6,-777,8,-775,4,-544,250,-752,60,-721,79,-410,391,-817,12,-771,5,-759,12,-768,15,-780,7,-722,58,-733,88,-741,27,-743,31,-788,40,-495,343,-820,7,-802,3,-773,9,-729,62,-747,34,-792,5,-757,10,-768,10,-791,4,-814,8,-804,19,-746,7,-683,123,-810,8,-778,11,-784,23,-779,35,-699,60,-651,132,-800,7,-707,112,-756,8,-839,2
61,-826,15,-779,27,-792,3,-785,8,-798,52,-781,30,-360,422,-786,18,-803,6,-783,8,-782,4,-547,255,-759,60,-733,82,-416,396,-828,12,-782,5,-761,12,-783,15,-787,8,-734,59,-740,89,-752,28,-754,31,-799,40,-501,347,-830,7,-817,3,-787,9,-740,63,-756,34,-803,5,-767,10,-781,10,-810,4,-819,8,-808,19,-757,7,-691,124,-818,8,-788,11,-792,23,-788,36,-711,61,-658,134,-807,8,-715,112,-762,8,-849,2
62,-837,15,-791,27,-802,4,-795,9,-805,52,-783,30,-362,425,-797,19,-815,6,-791,8,-793,4,-552,257,-770,62,-740,84,-422,402,-840,12,-794,5,-773,12,-791,15,-794,8,-746,59,-744,89,-765,28,-758,31,-811,41,-506,353,-837,7,-827,3,-792,9,-749,63,-763,34,-815,5,-777,10,-793,10,-822,4,-835,8,-819,19,-773,7,-704,126,-826,8,-799,12,-801,23,-794,36,-722,62,-665,137,-815,8,-719,112,-776,8,-863,2
63,-846,15,-796,29,-816,4,-801,10,-812,52,-794,30,-367,430,-811,19,-822,6,-798,8,-802,4,-559,262,-780,63,-756,85,-428,406,-846,12,-802,5,-788,12,-796,15,-800,8,-754,59,-755,91,-777,28,-766,31,-817,44,-519,355,-848,7,-837,3,-803,9,-758,63,-776,34,-824,5,-783,11,-800,10,-827,4,-842,8,-832,19,-780,7,-714,127,-842,8,-810,12,-815,23,-804,36,-732,62,-672,138,-825,8,-731,113,-786,8,-874,2
64,-851,15,-804,29,-826,4,-810,10,-823,52,-807,30,-375,435,-817,19,-834,6,-809,8,-816,4,-567,264,-789,63,-764,87,-432,409,-856,12,-815,5,-801,12,-806,15,-814,8,-765,59,-761,94,-785,28,-778,31,-825,45,-526,361,-857,7,-846,3,-809,9,-773,63,-785,34,-833,5,-790,11,-809,10,-839,4,-851,8,-841,19,-788,7,-728,130,-853,9,-819,12,-822,23,-810,36,-743,62,-679,139,-838,9,-738,114,-797,8,-880,2
65,-858,15,-811,29,-837,4,-818,10,-835,53,-816,30,-378,443,-824,19,-845,6,-820,8,-828,4,-572,272,-800,64,-769,88,-437,415,-869,12,-829,5,-811,13,-817,16,-822,8,-772,59,-770,96,-792,28,-781,31,-838,46,-533,367,-865,7,-852,3,-821,9,-781,63,-793,34,-842,5,-803,11,-821,10,-850,4,-864,8,-846,19,-794,7,-737,131,-864,9,-826,12,-831,23,-822,36,-756,62,-686,139,-853,9,-748,115,-809,8,-890,2
66,-871,15,-826,29,-843,4,-833,10,-845,54,-826,30,-383,450,-833,19,-857,6,-833,9,-836,4,-575,277,-813,65,-778,89,-444,418,-883,12,-839,5,-821,13,-826,16,-834,8,-786,59,-784,96,-805,28,-793,31,-843,46,-540,369,-876,7,-862,3,-828,9,-792,63,-809,34,-847,5,-814,11,-834,10,-855,4,-876,8,-854,19,-798,7,-741,133,-876,9,-836,12,-837,23,-832,36,-766,62,-690,140,-860,9,-758,115,-817,8,-894,2
67,-883,15,-836,29,-851,4,-843,10,-853,54,-835,31,-388,456,-843,19,-864,6,-840,9,-849,4,-580,278,-820,67,-786,89,-450,421,-896,12,-847,5,-831,13,-836,16,-849,8,-791,59,-792,98,-815,28,-801,33,-854,46,-547,374,-884,7,-874,3,-839,9,-802,64,-821,36,-859,5,-823,11,-846,10,-863,4,-883,8,-865,20,-809,7,-750,134,-888,9,-853,12,-843,23,-838,36,-774,62,-700,143,-865,9,-769,116,-828,8,-905,2
68,-889,15,-844,30,-864,4,-850,10,-860,54,-842,31,-394,462,-848,19,-879,6,-854,9,-860,5,-591,282,-825,67,-791,91,-455,427,-912,12,-856,5,-839,13,-845,16,-864,8,-799,59,-804,98,-828,28,-806,33,-866,46,-554,376,-892,7,-883,3,-852,9,-817,65,-824,37,-867,5,-830,11,-861,10,-869,4,-897,8,-880,20,-821,7,-756,134,-896,9,-862,12,-854,23,-850,36,-781,63,-706,143,-873,9,-777,116,-837,8,-922,2
69,-898,15,-856,30,-870,4,-855,10,-864,54,-855,31,-401,472,-855,19,-889,6,-865,10,-868,5,-605,287,-830,67,-799,93,-462,435,-923,12,-867,5,-851,13,-858,16,-878,8,-810,59,-812,100,-840,28,-821,34,-876,47,-557,379,-899,7,-894,3,-860,9,-823,66,-834,37,-881,5,-838,11,-869,10,-878,4,-903,8,-883,20,-830,7,-760,135,-906,9,-873,12,-864,23,-858,37,-789,64,-715,143,-891,10,-787,117,-844,8,-933,2
70,-904,15,-863,31,-881,4,-863,10,-878,54,-867,31,-406,473,-866,19,-898,6,-876,12,-875,5,-611,288,-837,67,-810,95,-468,440,-931,13,-871,5,-865,13,-869,16,-886,10,-822,60,-817,100,-847,28,-829,34,-888,48,-562,382,-910,7,-905,3,-877,10,-833,66,-846,37,-891,5,-845,11,-875,10,-887,4,-918,8,-892,20,-840,7,-770,136,-910,9,-879,12,-875,23,-867,37,-805,65,-724,145,-907,10,-799,119,-856,8,-939,2
71,-912,15,-873,31,-893,4,-880,10,-883,55,-877,33,-413,479,-871,19,-909,6,-884,12,-883,5,-617,289,-846,67,-822,96,-473,446,-937,13,-877,5,-874,13,-883,18,-894,10,-830,60,-826,101,-857,28,-832,35,-898,48,-565,386,-919,7,-913,3,-885,10,-837,66,-861,38,-900,5,-860,11,-890,10,-896,4,-927,8,-906,20,-851,7,-779,136,-917,9,-888,12,-889,24,-879,37,-816,66,-734,147,-914,10,-815,120,-863,8,-951,2
72,-920,15,-884,31,-901,4,-888,11,-894,57,-886,33,-418,480,-887,19,-923,6,-896,12,-898,5,-624,290,-859,70,-835,97,-479,450,-945,13,-882,5,-887,13,-899,19,-908,10,-836,60,-831,101,-868,28,-837,36,-904,48,-568,389,-927,7,-923,3,-889,10,-846,67,-873,38,-907,5,-868,11,-903,10,-907,4,-943,8,-917,20,-864,7,-791,136,-924,9,-899,13,-894,24,-886,37,-823,66,-740,150,-927,10,-823,120,-872,8,-963,2
73,-933,15,-894,33,-911,4,-903,11,-905,57,-899,34,-424,483,-891,21,-934,6,-902,12,-911,5,-629,293,-866,71,-843,97,-482,454,-951,13,-893,5,-900,13,-909,19,-913,10,-841,60,-852,103,-884,28,-850,38,-915,49,-576,393,-937,7,-931,3,-902,10,-855,67,-883,38,-914,5,-882,11,-912,10,-915,4,-952,8,-922,20,-871,7,-801,137,-936,9,-907,13,-905,24,-892,37,-832,67,-746,153,-937,10,-828,120,-883,8,-972,2
74,-943,15,-902,34,-927,4,-917,11,-916,59,-910,34,-428,490,-899,21,-944,6,-908,12,-922,5,-632,296,-876,71,-850,97,-486,455,-959,13,-904,5,-907,14,-914,19,-922,10,-851,61,-862,103,-894,28,-862,41,-925,51,-578,397,-946,7,-938,3,-909,10,-864,67,-894,38,-928,5,-896,11,-926,10,-926,4,-959,8,-935,20,-873,7,-811,137,-947,9,-919,13,-917,24,-905,37,-840,67,-751,154,-949,10,-840,122,-899,8,-978,2
75,-955,15,-909,35,-934,4,-929,11,-926,59,-917,35,-434,493,-905,21,-960,6,-915,12,-932,5,-640,301,-884,71,-861,98,-489,458,-966,14,-910,5,-912,14,-920,19,-931,10,-861,61,-868,103,-905,28,-870,43,-940,51,-585,401,-957,8,-950,3,-921,10,-874,67,-904,38,-940,5,-913,11,-931,10,-937,4,-965,8,-948,21,-885,7,-824,138,-961,9,-922,13,-928,24,-912,37,-848,70,-761,158,-957,11,-845,123,-911,8,-993,2
76,-967,15,-919,35,-946,4,-935,11,-932,59,-925,36,-440,501,-918,22,-972,6,-924,12,-939,5,-649,306,-894,71,-865,100,-496,462,-972,14,-916,5,-921,14,-929,21,-942,10,-865,61,-876,103,-911,29,-882,44,-952,51,-588,407,-967,8,-960,3,-931,10,-887,68,-913,38,-960,5,-921,11,-940,10,-946,4,-975,8,-956,21,-894,7,-834,139,-970,9,-936,14,-937,24,-922,37,-856,71,-769,159,-968,11,-855,124,-920,8,-1006,2
77,-977,15,-927,35,-952,4,-944,11,-939,59,-934,37,-447,511,-928,22,-987,6,-935,13,-949,5,-655,311,-905,72,-876,100,-504,467,-983,14,-927,5,-933,14,-935,22,-949,10,-876,61,-886,104,-922,30,-897,46,-961,52,-599,410,-975,8,-968,3,-942,10,-896,70,-921,38,-976,5,-928,11,-944,10,-958,4,-981,8,-966,21,-904,7,-843,142,-976,9,-942,14,-942,25,-927,38,-865,72,-779,163,-976,12,-860,126,-929,8,-1016,2
78,-986,15,-933,36,-964,4,-954,11,-945,59,-948,38,-453,518,-936,22,-996,6,-944,13,-959,5,-661,313,-921,73,-885,100,-506,471,-998,14,-938,5,-946,14,-944,22,-958,10,-881,61,-891,106,-929,30,-904,46,-967,52,-606,416,-985,8,-978,3,-947,10,-911,71,-933,38,-983,5,-940,12,-956,10,-970,4,-990,8,-982,21,-908,7,-849,142,-990,9,-949,14,-953,25,-942,38,-874,72,-790,166,-988,12,-869,126,-937,8,-1025,2
79,-995,15,-941,36,-978,4,-966,11,-956,59,-957,38,-461,522,-945,22,-1006,6,-959,13,-976,5,-670,317,-928,73,-896,100,-508,476,-1020,14,-945,5,-958,14,-953,22,-965,10,-887,63,-900,107,-935,30,-909,47,-976,52,-614,418,-1001,8,-985,3,-959,10,-917,71,-946,38,-992,5,-949,12,-972,10,-979,4,-996,8,-991,21,-920,7,-856,142,-995,9,-957,14,-958,26,-945,39,-889,72,-798,168,-995,12,-879,127,-946,8,-1039,2
